CD_NUM,Year,autoch
110020,2007,0
110028,2007,0
110034,2007,0
230140,2007,0
230510,2007,0
230980,2007,0
290110,2007,0
290210,2007,0
290290,2007,0
292070,2007,0
292575,2007,0
292940,2007,0
310050,2007,0
310110,2007,0
310160,2007,1
310220,2007,0
310300,2007,1
310500,2007,0
310540,2007,0
310620,2007,0
310640,2007,0
310670,2007,0
310780,2007,0
310800,2007,0
310870,2007,0
310880,2007,0
310925,2007,0
311000,2007,0
311030,2007,0
311205,2007,0
311250,2007,0
311330,2007,0
311340,2007,0
311535,2007,0
311545,2007,0
311620,2007,0
311680,2007,0
311780,2007,0
311787,2007,0
311790,2007,0
311860,2007,0
311940,2007,0
311950,2007,0
311960,2007,0
311995,2007,0
312090,2007,0
312160,2007,1
312200,2007,0
312230,2007,0
312250,2007,0
312320,2007,0
312340,2007,0
312410,2007,0
312470,2007,0
312530,2007,0
312550,2007,0
312590,2007,0
312600,2007,0
312738,2007,0
312770,2007,1
312840,2007,0
312930,2007,0
312950,2007,0
312980,2007,0
313020,2007,0
313030,2007,0
313055,2007,0
313090,2007,0
313110,2007,0
313115,2007,0
313120,2007,0
313130,2007,0
313170,2007,0
313190,2007,0
313250,2007,0
313380,2007,0
313460,2007,0
313500,2007,0
313530,2007,0
313580,2007,0
313660,2007,0
313670,2007,5
313760,2007,0
313770,2007,0
313940,2007,0
314000,2007,0
314060,2007,0
314070,2007,0
314080,2007,0
314090,2007,0
314110,2007,0
314210,2007,0
314240,2007,0
314280,2007,0
314320,2007,0
314340,2007,0
314380,2007,0
314400,2007,0
314430,2007,0
314520,2007,0
314530,2007,0
314560,2007,0
314590,2007,0
314650,2007,0
314700,2007,0
314710,2007,0
314800,2007,0
314810,2007,0
314930,2007,0
315000,2007,0
315140,2007,0
315180,2007,0
315200,2007,0
315370,2007,0
315390,2007,0
315400,2007,0
315420,2007,0
315430,2007,0
315460,2007,0
315490,2007,0
315540,2007,0
315670,2007,0
315720,2007,0
315730,2007,0
315740,2007,0
315780,2007,0
315890,2007,0
315895,2007,0
316190,2007,0
316210,2007,0
316295,2007,0
316340,2007,1
316590,2007,0
316710,2007,0
316720,2007,0
316750,2007,0
316870,2007,0
316920,2007,0
316930,2007,0
316970,2007,0
316990,2007,0
317010,2007,0
317120,2007,0
317130,2007,0
317160,2007,0
320010,2007,0
320060,2007,0
320080,2007,0
320090,2007,0
320140,2007,0
320150,2007,1
320170,2007,0
320316,2007,0
320320,2007,0
320400,2007,1
320420,2007,0
320455,2007,0
320470,2007,0
320480,2007,0
320490,2007,0
320495,2007,0
320500,2007,1
320517,2007,0
330010,2007,1
330030,2007,4
330040,2007,0
330050,2007,0
330060,2007,0
330095,2007,0
330100,2007,0
330200,2007,1
330205,2007,0
330220,2007,0
330227,2007,2
330250,2007,0
330260,2007,0
330310,2007,0
330330,2007,0
330340,2007,0
330350,2007,0
330370,2007,1
330380,2007,0
330385,2007,0
330390,2007,0
330395,2007,0
330400,2007,0
330410,2007,0
330420,2007,0
330450,2007,0
330455,2007,0
330510,2007,0
330515,2007,0
330520,2007,0
330540,2007,0
330600,2007,0
330610,2007,0
330615,2007,0
330620,2007,0
330630,2007,0
350050,2007,0
350100,2007,0
350160,2007,0
350190,2007,0
350330,2007,3
350400,2007,0
350410,2007,0
350450,2007,0
350540,2007,0
350630,2007,0
350635,2007,0
350700,2007,0
350760,2007,0
350840,2007,0
350920,2007,0
350925,2007,1
350950,2007,4
351000,2007,2
351040,2007,0
351050,2007,0
351150,2007,0
351220,2007,0
351240,2007,0
351280,2007,0
351340,2007,0
351380,2007,0
351470,2007,0
351480,2007,0
351515,2007,0
351518,2007,0
351540,2007,0
351610,2007,0
351740,2007,0
351830,2007,0
351880,2007,0
351905,2007,0
351907,2007,0
351950,2007,0
351970,2007,0
351990,2007,0
352030,2007,0
352050,2007,1
352090,2007,0
352120,2007,0
352140,2007,0
352170,2007,0
352190,2007,0
352260,2007,0
352270,2007,0
352330,2007,0
352340,2007,0
352390,2007,0
352420,2007,0
352440,2007,0
352470,2007,0
352520,2007,0
352530,2007,0
352590,2007,1
352610,2007,0
352640,2007,0
352670,2007,0
352680,2007,0
352690,2007,0
352700,2007,0
352720,2007,0
352730,2007,0
352840,2007,0
352850,2007,0
352860,2007,0
352880,2007,0
352990,2007,0
353050,2007,1
353060,2007,0
353070,2007,1
353080,2007,0
353120,2007,0
353340,2007,0
353370,2007,0
353460,2007,0
353470,2007,1
353550,2007,0
353560,2007,0
353610,2007,0
353650,2007,0
353710,2007,0
353720,2007,0
353800,2007,0
353870,2007,1
353880,2007,0
353910,2007,0
353970,2007,0
354000,2007,0
354060,2007,0
354210,2007,0
354220,2007,0
354320,2007,0
354330,2007,0
354340,2007,0
354390,2007,0
354400,2007,0
354410,2007,0
354520,2007,1
354540,2007,0
354580,2007,0
354600,2007,0
354620,2007,0
354640,2007,0
354670,2007,0
354780,2007,1
354800,2007,0
354870,2007,4
354900,2007,0
354990,2007,0
355030,2007,0
355040,2007,0
355070,2007,0
355120,2007,0
355160,2007,0
355180,2007,0
355210,2007,0
355240,2007,0
355330,2007,0
355395,2007,0
355400,2007,0
355410,2007,0
355450,2007,0
355510,2007,0
355540,2007,0
355620,2007,3
355670,2007,0
355720,2007,0
410050,2007,0
410110,2007,0
410120,2007,0
410290,2007,0
410310,2007,0
410345,2007,0
410370,2007,0
410450,2007,0
410470,2007,0
410480,2007,0
410550,2007,0
410690,2007,0
410715,2007,1
410753,2007,0
410830,2007,0
410950,2007,0
410960,2007,1
411100,2007,0
411180,2007,0
411240,2007,0
411340,2007,0
411370,2007,0
411480,2007,0
411560,2007,0
411570,2007,0
411580,2007,0
411620,2007,0
411750,2007,0
411820,2007,0
411845,2007,0
411990,2007,0
412090,2007,0
412180,2007,0
412470,2007,0
412550,2007,0
412680,2007,0
412760,2007,0
412810,2007,0
412855,2007,0
420110,2007,0
420120,2007,1
420125,2007,0
420130,2007,0
420140,2007,0
420170,2007,0
420200,2007,0
420220,2007,1
420230,2007,0
420240,2007,8
420245,2007,0
420270,2007,0
420280,2007,0
420290,2007,0
420370,2007,0
420425,2007,0
420450,2007,3
420460,2007,0
420540,2007,0
420580,2007,0
420590,2007,0
420610,2007,0
420630,2007,0
420650,2007,2
420690,2007,0
420710,2007,0
420720,2007,0
420730,2007,0
420750,2007,0
420820,2007,0
420830,2007,0
420845,2007,0
420890,2007,1
420910,2007,0
420990,2007,0
421000,2007,1
421055,2007,0
421060,2007,5
421150,2007,0
421160,2007,0
421170,2007,2
421190,2007,0
421250,2007,4
421280,2007,1
421320,2007,0
421380,2007,0
421470,2007,0
421510,2007,0
421590,2007,0
421620,2007,0
421700,2007,0
421725,2007,0
421740,2007,0
421820,2007,0
421835,2007,0
421840,2007,0
421890,2007,0
421900,2007,0
421940,2007,0
422000,2007,0
430045,2007,0
430440,2007,0
430520,2007,1
431055,2007,0
431162,2007,0
431510,2007,1
431640,2007,0
431720,2007,0
431725,2007,0
431790,2007,0
432149,2007,0
500270,2007,0
500330,2007,0
510558,2007,0
510625,2007,0
510760,2007,0
520320,2007,0
520815,2007,0
520870,2007,0
520920,2007,0
520945,2007,0
521190,2007,0
522190,2007,0
522200,2007,0
530010,2007,0
110020,2008,0
110028,2008,0
110034,2008,0
230140,2008,0
230510,2008,0
230980,2008,0
290110,2008,0
290210,2008,0
290290,2008,0
292070,2008,0
292575,2008,0
292940,2008,0
310050,2008,0
310110,2008,0
310160,2008,0
310220,2008,0
310300,2008,0
310500,2008,0
310540,2008,0
310620,2008,0
310640,2008,0
310670,2008,0
310780,2008,0
310800,2008,0
310870,2008,0
310880,2008,0
310925,2008,0
311000,2008,0
311030,2008,0
311205,2008,0
311250,2008,0
311330,2008,0
311340,2008,2
311535,2008,0
311545,2008,0
311620,2008,0
311680,2008,0
311780,2008,0
311787,2008,0
311790,2008,0
311860,2008,0
311940,2008,0
311950,2008,0
311960,2008,0
311995,2008,0
312090,2008,0
312160,2008,0
312200,2008,0
312230,2008,0
312250,2008,0
312320,2008,0
312340,2008,0
312410,2008,0
312470,2008,0
312530,2008,0
312550,2008,0
312590,2008,0
312600,2008,0
312738,2008,0
312770,2008,1
312840,2008,0
312930,2008,0
312950,2008,0
312980,2008,0
313020,2008,0
313030,2008,0
313055,2008,0
313090,2008,0
313110,2008,0
313115,2008,0
313120,2008,0
313130,2008,0
313170,2008,1
313190,2008,0
313250,2008,0
313380,2008,0
313460,2008,0
313500,2008,0
313530,2008,0
313580,2008,0
313660,2008,0
313670,2008,3
313760,2008,0
313770,2008,0
313940,2008,0
314000,2008,0
314060,2008,0
314070,2008,0
314080,2008,0
314090,2008,0
314110,2008,0
314210,2008,1
314240,2008,0
314280,2008,0
314320,2008,0
314340,2008,0
314380,2008,0
314400,2008,0
314430,2008,0
314520,2008,0
314530,2008,1
314560,2008,0
314590,2008,0
314650,2008,0
314700,2008,0
314710,2008,0
314800,2008,0
314810,2008,0
314930,2008,0
315000,2008,0
315140,2008,0
315180,2008,0
315200,2008,0
315370,2008,0
315390,2008,0
315400,2008,0
315420,2008,0
315430,2008,0
315460,2008,0
315490,2008,0
315540,2008,0
315670,2008,0
315720,2008,0
315730,2008,0
315740,2008,0
315780,2008,0
315890,2008,0
315895,2008,0
316190,2008,0
316210,2008,0
316295,2008,0
316340,2008,0
316590,2008,0
316710,2008,0
316720,2008,0
316750,2008,0
316870,2008,0
316920,2008,0
316930,2008,0
316970,2008,0
316990,2008,0
317010,2008,0
317120,2008,0
317130,2008,0
317160,2008,0
320010,2008,0
320060,2008,0
320080,2008,0
320090,2008,0
320140,2008,0
320150,2008,0
320170,2008,0
320316,2008,2
320320,2008,0
320400,2008,0
320420,2008,0
320455,2008,0
320470,2008,0
320480,2008,0
320490,2008,0
320495,2008,0
320500,2008,0
320517,2008,0
330010,2008,0
330030,2008,0
330040,2008,0
330050,2008,0
330060,2008,0
330095,2008,0
330100,2008,0
330200,2008,0
330205,2008,0
330220,2008,1
330227,2008,0
330250,2008,0
330260,2008,0
330310,2008,0
330330,2008,0
330340,2008,1
330350,2008,0
330370,2008,0
330380,2008,0
330385,2008,0
330390,2008,0
330395,2008,0
330400,2008,0
330410,2008,3
330420,2008,0
330450,2008,0
330455,2008,0
330510,2008,0
330515,2008,1
330520,2008,0
330540,2008,0
330600,2008,0
330610,2008,0
330615,2008,0
330620,2008,0
330630,2008,0
350050,2008,0
350100,2008,0
350160,2008,0
350190,2008,0
350330,2008,0
350400,2008,0
350410,2008,0
350450,2008,0
350540,2008,0
350630,2008,0
350635,2008,0
350700,2008,0
350760,2008,0
350840,2008,0
350920,2008,0
350925,2008,0
350950,2008,5
351000,2008,0
351040,2008,0
351050,2008,1
351150,2008,0
351220,2008,0
351240,2008,0
351280,2008,2
351340,2008,0
351380,2008,2
351470,2008,0
351480,2008,0
351515,2008,0
351518,2008,0
351540,2008,0
351610,2008,0
351740,2008,0
351830,2008,0
351880,2008,0
351905,2008,0
351907,2008,0
351950,2008,2
351970,2008,0
351990,2008,0
352030,2008,0
352050,2008,0
352090,2008,0
352120,2008,0
352140,2008,0
352170,2008,0
352190,2008,0
352260,2008,0
352270,2008,0
352330,2008,0
352340,2008,0
352390,2008,0
352420,2008,0
352440,2008,0
352470,2008,3
352520,2008,0
352530,2008,0
352590,2008,1
352610,2008,0
352640,2008,0
352670,2008,0
352680,2008,0
352690,2008,1
352700,2008,0
352720,2008,0
352730,2008,0
352840,2008,0
352850,2008,0
352860,2008,0
352880,2008,0
352990,2008,0
353050,2008,1
353060,2008,0
353070,2008,0
353080,2008,0
353120,2008,0
353340,2008,0
353370,2008,0
353460,2008,0
353470,2008,0
353550,2008,0
353560,2008,0
353610,2008,0
353650,2008,0
353710,2008,0
353720,2008,1
353800,2008,0
353870,2008,2
353880,2008,1
353910,2008,0
353970,2008,1
354000,2008,0
354060,2008,0
354210,2008,0
354220,2008,0
354320,2008,0
354330,2008,0
354340,2008,0
354390,2008,0
354400,2008,0
354410,2008,0
354520,2008,0
354540,2008,0
354580,2008,0
354600,2008,0
354620,2008,0
354640,2008,0
354670,2008,0
354780,2008,1
354800,2008,0
354870,2008,2
354900,2008,0
354990,2008,0
355030,2008,3
355040,2008,0
355070,2008,0
355120,2008,0
355160,2008,0
355180,2008,0
355210,2008,0
355240,2008,0
355330,2008,0
355395,2008,0
355400,2008,0
355410,2008,0
355450,2008,0
355510,2008,0
355540,2008,0
355620,2008,1
355670,2008,1
355720,2008,1
410050,2008,0
410110,2008,0
410120,2008,0
410290,2008,0
410310,2008,0
410345,2008,0
410370,2008,0
410450,2008,0
410470,2008,0
410480,2008,0
410550,2008,0
410690,2008,0
410715,2008,0
410753,2008,0
410830,2008,0
410950,2008,0
410960,2008,0
411100,2008,0
411180,2008,0
411240,2008,0
411340,2008,0
411370,2008,0
411480,2008,0
411560,2008,0
411570,2008,1
411580,2008,0
411620,2008,0
411750,2008,0
411820,2008,0
411845,2008,0
411990,2008,0
412090,2008,0
412180,2008,0
412470,2008,0
412550,2008,0
412680,2008,0
412760,2008,0
412810,2008,0
412855,2008,1
420110,2008,0
420120,2008,0
420125,2008,1
420130,2008,0
420140,2008,0
420170,2008,0
420200,2008,1
420220,2008,0
420230,2008,0
420240,2008,8
420245,2008,0
420270,2008,0
420280,2008,0
420290,2008,0
420370,2008,0
420425,2008,0
420450,2008,4
420460,2008,0
420540,2008,0
420580,2008,1
420590,2008,1
420610,2008,0
420630,2008,0
420650,2008,3
420690,2008,0
420710,2008,1
420720,2008,0
420730,2008,0
420750,2008,0
420820,2008,0
420830,2008,0
420845,2008,0
420890,2008,0
420910,2008,0
420990,2008,0
421000,2008,0
421055,2008,0
421060,2008,1
421150,2008,0
421160,2008,0
421170,2008,0
421190,2008,0
421250,2008,0
421280,2008,0
421320,2008,2
421380,2008,0
421470,2008,1
421510,2008,0
421590,2008,0
421620,2008,0
421700,2008,0
421725,2008,0
421740,2008,1
421820,2008,0
421835,2008,0
421840,2008,0
421890,2008,0
421900,2008,0
421940,2008,0
422000,2008,0
430045,2008,0
430440,2008,0
430520,2008,0
431055,2008,0
431162,2008,0
431510,2008,0
431640,2008,0
431720,2008,0
431725,2008,0
431790,2008,0
432149,2008,0
500270,2008,0
500330,2008,0
510558,2008,0
510625,2008,0
510760,2008,0
520320,2008,0
520815,2008,0
520870,2008,0
520920,2008,0
520945,2008,0
521190,2008,0
522190,2008,0
522200,2008,0
530010,2008,0
110020,2009,0
110028,2009,0
110034,2009,0
230140,2009,0
230510,2009,0
230980,2009,0
290110,2009,0
290210,2009,0
290290,2009,0
292070,2009,0
292575,2009,0
292940,2009,0
310050,2009,0
310110,2009,1
310160,2009,0
310220,2009,0
310300,2009,0
310500,2009,0
310540,2009,0
310620,2009,0
310640,2009,0
310670,2009,0
310780,2009,0
310800,2009,0
310870,2009,0
310880,2009,0
310925,2009,0
311000,2009,0
311030,2009,0
311205,2009,0
311250,2009,1
311330,2009,0
311340,2009,1
311535,2009,0
311545,2009,0
311620,2009,0
311680,2009,0
311780,2009,0
311787,2009,0
311790,2009,0
311860,2009,0
311940,2009,0
311950,2009,0
311960,2009,0
311995,2009,0
312090,2009,0
312160,2009,0
312200,2009,0
312230,2009,0
312250,2009,0
312320,2009,1
312340,2009,0
312410,2009,0
312470,2009,0
312530,2009,0
312550,2009,0
312590,2009,0
312600,2009,0
312738,2009,0
312770,2009,0
312840,2009,0
312930,2009,0
312950,2009,0
312980,2009,0
313020,2009,0
313030,2009,0
313055,2009,0
313090,2009,0
313110,2009,0
313115,2009,0
313120,2009,0
313130,2009,1
313170,2009,1
313190,2009,0
313250,2009,0
313380,2009,0
313460,2009,0
313500,2009,0
313530,2009,0
313580,2009,0
313660,2009,0
313670,2009,0
313760,2009,0
313770,2009,0
313940,2009,0
314000,2009,0
314060,2009,0
314070,2009,0
314080,2009,0
314090,2009,0
314110,2009,0
314210,2009,0
314240,2009,0
314280,2009,0
314320,2009,0
314340,2009,0
314380,2009,0
314400,2009,0
314430,2009,0
314520,2009,0
314530,2009,0
314560,2009,0
314590,2009,0
314650,2009,0
314700,2009,0
314710,2009,1
314800,2009,0
314810,2009,0
314930,2009,0
315000,2009,0
315140,2009,0
315180,2009,0
315200,2009,0
315370,2009,0
315390,2009,0
315400,2009,0
315420,2009,0
315430,2009,0
315460,2009,0
315490,2009,0
315540,2009,0
315670,2009,0
315720,2009,0
315730,2009,0
315740,2009,0
315780,2009,1
315890,2009,0
315895,2009,0
316190,2009,0
316210,2009,0
316295,2009,0
316340,2009,0
316590,2009,0
316710,2009,0
316720,2009,0
316750,2009,0
316870,2009,0
316920,2009,0
316930,2009,0
316970,2009,0
316990,2009,0
317010,2009,0
317120,2009,0
317130,2009,0
317160,2009,0
320010,2009,0
320060,2009,0
320080,2009,0
320090,2009,0
320140,2009,0
320150,2009,0
320170,2009,0
320316,2009,0
320320,2009,0
320400,2009,0
320420,2009,0
320455,2009,0
320470,2009,0
320480,2009,0
320490,2009,0
320495,2009,0
320500,2009,0
320517,2009,0
330010,2009,0
330030,2009,1
330040,2009,0
330050,2009,1
330060,2009,0
330095,2009,0
330100,2009,0
330200,2009,0
330205,2009,0
330220,2009,0
330227,2009,0
330250,2009,0
330260,2009,0
330310,2009,0
330330,2009,1
330340,2009,1
330350,2009,0
330370,2009,0
330380,2009,2
330385,2009,0
330390,2009,0
330395,2009,0
330400,2009,0
330410,2009,0
330420,2009,0
330450,2009,0
330455,2009,0
330510,2009,0
330515,2009,0
330520,2009,0
330540,2009,0
330600,2009,0
330610,2009,0
330615,2009,0
330620,2009,0
330630,2009,0
350050,2009,0
350100,2009,0
350160,2009,0
350190,2009,2
350330,2009,3
350400,2009,0
350410,2009,0
350450,2009,0
350540,2009,0
350630,2009,0
350635,2009,0
350700,2009,0
350760,2009,0
350840,2009,0
350920,2009,0
350925,2009,0
350950,2009,11
351000,2009,0
351040,2009,0
351050,2009,0
351150,2009,0
351220,2009,1
351240,2009,0
351280,2009,0
351340,2009,0
351380,2009,0
351470,2009,0
351480,2009,0
351515,2009,0
351518,2009,0
351540,2009,0
351610,2009,0
351740,2009,1
351830,2009,0
351880,2009,0
351905,2009,1
351907,2009,0
351950,2009,0
351970,2009,0
351990,2009,0
352030,2009,0
352050,2009,0
352090,2009,0
352120,2009,0
352140,2009,0
352170,2009,0
352190,2009,0
352260,2009,0
352270,2009,0
352330,2009,0
352340,2009,1
352390,2009,1
352420,2009,0
352440,2009,0
352470,2009,2
352520,2009,0
352530,2009,0
352590,2009,0
352610,2009,0
352640,2009,0
352670,2009,0
352680,2009,1
352690,2009,0
352700,2009,0
352720,2009,0
352730,2009,1
352840,2009,0
352850,2009,0
352860,2009,0
352880,2009,0
352990,2009,0
353050,2009,0
353060,2009,1
353070,2009,1
353080,2009,0
353120,2009,0
353340,2009,0
353370,2009,1
353460,2009,0
353470,2009,0
353550,2009,0
353560,2009,0
353610,2009,0
353650,2009,0
353710,2009,1
353720,2009,0
353800,2009,0
353870,2009,5
353880,2009,0
353910,2009,0
353970,2009,0
354000,2009,0
354060,2009,0
354210,2009,0
354220,2009,0
354320,2009,0
354330,2009,0
354340,2009,0
354390,2009,0
354400,2009,0
354410,2009,0
354520,2009,0
354540,2009,0
354580,2009,1
354600,2009,0
354620,2009,0
354640,2009,0
354670,2009,0
354780,2009,3
354800,2009,0
354870,2009,2
354900,2009,0
354990,2009,0
355030,2009,3
355040,2009,0
355070,2009,1
355120,2009,0
355160,2009,1
355180,2009,0
355210,2009,0
355240,2009,1
355330,2009,0
355395,2009,0
355400,2009,0
355410,2009,0
355450,2009,0
355510,2009,0
355540,2009,1
355620,2009,0
355670,2009,2
355720,2009,0
410050,2009,0
410110,2009,1
410120,2009,0
410290,2009,0
410310,2009,0
410345,2009,0
410370,2009,0
410450,2009,0
410470,2009,0
410480,2009,0
410550,2009,0
410690,2009,0
410715,2009,0
410753,2009,0
410830,2009,0
410950,2009,0
410960,2009,0
411100,2009,0
411180,2009,0
411240,2009,0
411340,2009,0
411370,2009,0
411480,2009,0
411560,2009,0
411570,2009,0
411580,2009,0
411620,2009,0
411750,2009,0
411820,2009,0
411845,2009,0
411990,2009,0
412090,2009,0
412180,2009,0
412470,2009,0
412550,2009,0
412680,2009,0
412760,2009,0
412810,2009,0
412855,2009,0
420110,2009,0
420120,2009,1
420125,2009,0
420130,2009,0
420140,2009,0
420170,2009,1
420200,2009,0
420220,2009,0
420230,2009,0
420240,2009,6
420245,2009,0
420270,2009,2
420280,2009,0
420290,2009,1
420370,2009,0
420425,2009,0
420450,2009,3
420460,2009,0
420540,2009,0
420580,2009,1
420590,2009,1
420610,2009,0
420630,2009,0
420650,2009,0
420690,2009,0
420710,2009,0
420720,2009,0
420730,2009,0
420750,2009,0
420820,2009,0
420830,2009,0
420845,2009,0
420890,2009,2
420910,2009,3
420990,2009,0
421000,2009,2
421055,2009,0
421060,2009,3
421150,2009,0
421160,2009,0
421170,2009,0
421190,2009,0
421250,2009,0
421280,2009,0
421320,2009,5
421380,2009,0
421470,2009,0
421510,2009,0
421590,2009,0
421620,2009,0
421700,2009,0
421725,2009,0
421740,2009,2
421820,2009,2
421835,2009,0
421840,2009,0
421890,2009,0
421900,2009,0
421940,2009,0
422000,2009,0
430045,2009,0
430440,2009,0
430520,2009,1
431055,2009,0
431162,2009,0
431510,2009,0
431640,2009,0
431720,2009,0
431725,2009,0
431790,2009,0
432149,2009,0
500270,2009,0
500330,2009,0
510558,2009,0
510625,2009,0
510760,2009,0
520320,2009,0
520815,2009,0
520870,2009,0
520920,2009,0
520945,2009,0
521190,2009,0
522190,2009,0
522200,2009,0
530010,2009,0
110020,2010,0
110028,2010,0
110034,2010,0
230140,2010,1
230510,2010,0
230980,2010,0
290110,2010,0
290210,2010,0
290290,2010,0
292070,2010,0
292575,2010,0
292940,2010,0
310050,2010,0
310110,2010,0
310160,2010,0
310220,2010,0
310300,2010,0
310500,2010,0
310540,2010,0
310620,2010,0
310640,2010,0
310670,2010,0
310780,2010,0
310800,2010,0
310870,2010,0
310880,2010,0
310925,2010,0
311000,2010,0
311030,2010,0
311205,2010,0
311250,2010,0
311330,2010,0
311340,2010,0
311535,2010,0
311545,2010,1
311620,2010,0
311680,2010,0
311780,2010,0
311787,2010,0
311790,2010,0
311860,2010,0
311940,2010,0
311950,2010,0
311960,2010,0
311995,2010,0
312090,2010,0
312160,2010,0
312200,2010,0
312230,2010,0
312250,2010,0
312320,2010,0
312340,2010,1
312410,2010,0
312470,2010,0
312530,2010,0
312550,2010,0
312590,2010,0
312600,2010,0
312738,2010,0
312770,2010,0
312840,2010,0
312930,2010,0
312950,2010,0
312980,2010,0
313020,2010,0
313030,2010,0
313055,2010,0
313090,2010,0
313110,2010,0
313115,2010,1
313120,2010,0
313130,2010,0
313170,2010,0
313190,2010,0
313250,2010,0
313380,2010,0
313460,2010,0
313500,2010,0
313530,2010,0
313580,2010,0
313660,2010,0
313670,2010,0
313760,2010,0
313770,2010,0
313940,2010,0
314000,2010,0
314060,2010,0
314070,2010,0
314080,2010,0
314090,2010,0
314110,2010,0
314210,2010,0
314240,2010,0
314280,2010,0
314320,2010,0
314340,2010,0
314380,2010,0
314400,2010,0
314430,2010,0
314520,2010,0
314530,2010,0
314560,2010,0
314590,2010,0
314650,2010,1
314700,2010,0
314710,2010,0
314800,2010,0
314810,2010,0
314930,2010,3
315000,2010,2
315140,2010,0
315180,2010,0
315200,2010,0
315370,2010,0
315390,2010,0
315400,2010,0
315420,2010,0
315430,2010,0
315460,2010,0
315490,2010,0
315540,2010,0
315670,2010,0
315720,2010,0
315730,2010,0
315740,2010,0
315780,2010,0
315890,2010,0
315895,2010,0
316190,2010,0
316210,2010,0
316295,2010,0
316340,2010,0
316590,2010,0
316710,2010,0
316720,2010,0
316750,2010,0
316870,2010,0
316920,2010,0
316930,2010,0
316970,2010,0
316990,2010,0
317010,2010,0
317120,2010,0
317130,2010,0
317160,2010,0
320010,2010,0
320060,2010,0
320080,2010,1
320090,2010,0
320140,2010,0
320150,2010,1
320170,2010,0
320316,2010,0
320320,2010,0
320400,2010,0
320420,2010,0
320455,2010,0
320470,2010,0
320480,2010,0
320490,2010,0
320495,2010,2
320500,2010,0
320517,2010,0
330010,2010,0
330030,2010,0
330040,2010,0
330050,2010,0
330060,2010,0
330095,2010,0
330100,2010,0
330200,2010,0
330205,2010,0
330220,2010,0
330227,2010,0
330250,2010,0
330260,2010,0
330310,2010,0
330330,2010,0
330340,2010,0
330350,2010,0
330370,2010,0
330380,2010,0
330385,2010,0
330390,2010,0
330395,2010,0
330400,2010,0
330410,2010,0
330420,2010,0
330450,2010,0
330455,2010,0
330510,2010,0
330515,2010,0
330520,2010,0
330540,2010,0
330600,2010,0
330610,2010,0
330615,2010,0
330620,2010,0
330630,2010,0
350050,2010,0
350100,2010,0
350160,2010,4
350190,2010,1
350330,2010,0
350400,2010,0
350410,2010,2
350450,2010,0
350540,2010,0
350630,2010,0
350635,2010,0
350700,2010,0
350760,2010,0
350840,2010,0
350920,2010,0
350925,2010,0
350950,2010,13
351000,2010,0
351040,2010,0
351050,2010,0
351150,2010,0
351220,2010,0
351240,2010,0
351280,2010,0
351340,2010,0
351380,2010,0
351470,2010,0
351480,2010,0
351515,2010,0
351518,2010,0
351540,2010,0
351610,2010,0
351740,2010,0
351830,2010,0
351880,2010,0
351905,2010,0
351907,2010,0
351950,2010,0
351970,2010,0
351990,2010,0
352030,2010,0
352050,2010,0
352090,2010,0
352120,2010,0
352140,2010,0
352170,2010,0
352190,2010,0
352260,2010,0
352270,2010,0
352330,2010,0
352340,2010,0
352390,2010,0
352420,2010,0
352440,2010,0
352470,2010,2
352520,2010,0
352530,2010,0
352590,2010,0
352610,2010,0
352640,2010,0
352670,2010,0
352680,2010,0
352690,2010,0
352700,2010,0
352720,2010,0
352730,2010,0
352840,2010,0
352850,2010,0
352860,2010,1
352880,2010,1
352990,2010,0
353050,2010,1
353060,2010,0
353070,2010,0
353080,2010,0
353120,2010,0
353340,2010,0
353370,2010,0
353460,2010,0
353470,2010,0
353550,2010,0
353560,2010,0
353610,2010,0
353650,2010,2
353710,2010,0
353720,2010,0
353800,2010,0
353870,2010,2
353880,2010,0
353910,2010,0
353970,2010,0
354000,2010,0
354060,2010,0
354210,2010,0
354220,2010,0
354320,2010,0
354330,2010,0
354340,2010,0
354390,2010,0
354400,2010,1
354410,2010,0
354520,2010,0
354540,2010,0
354580,2010,7
354600,2010,0
354620,2010,0
354640,2010,0
354670,2010,0
354780,2010,3
354800,2010,0
354870,2010,3
354900,2010,0
354990,2010,0
355030,2010,2
355040,2010,0
355070,2010,0
355120,2010,0
355160,2010,0
355180,2010,0
355210,2010,0
355240,2010,0
355330,2010,0
355395,2010,0
355400,2010,0
355410,2010,0
355450,2010,0
355510,2010,0
355540,2010,0
355620,2010,3
355670,2010,2
355720,2010,0
410050,2010,0
410110,2010,0
410120,2010,0
410290,2010,0
410310,2010,0
410345,2010,0
410370,2010,0
410450,2010,0
410470,2010,0
410480,2010,0
410550,2010,0
410690,2010,0
410715,2010,0
410753,2010,0
410830,2010,0
410950,2010,1
410960,2010,0
411100,2010,0
411180,2010,0
411240,2010,0
411340,2010,1
411370,2010,0
411480,2010,1
411560,2010,0
411570,2010,0
411580,2010,0
411620,2010,0
411750,2010,0
411820,2010,0
411845,2010,0
411990,2010,0
412090,2010,0
412180,2010,0
412470,2010,0
412550,2010,0
412680,2010,0
412760,2010,0
412810,2010,0
412855,2010,0
420110,2010,0
420120,2010,0
420125,2010,0
420130,2010,0
420140,2010,0
420170,2010,0
420200,2010,0
420220,2010,0
420230,2010,0
420240,2010,3
420245,2010,0
420270,2010,0
420280,2010,0
420290,2010,1
420370,2010,0
420425,2010,0
420450,2010,1
420460,2010,0
420540,2010,0
420580,2010,0
420590,2010,1
420610,2010,0
420630,2010,0
420650,2010,0
420690,2010,0
420710,2010,0
420720,2010,0
420730,2010,0
420750,2010,1
420820,2010,0
420830,2010,0
420845,2010,0
420890,2010,3
420910,2010,1
420990,2010,0
421000,2010,1
421055,2010,0
421060,2010,0
421150,2010,0
421160,2010,0
421170,2010,0
421190,2010,0
421250,2010,0
421280,2010,2
421320,2010,2
421380,2010,0
421470,2010,0
421510,2010,2
421590,2010,0
421620,2010,0
421700,2010,1
421725,2010,0
421740,2010,2
421820,2010,2
421835,2010,0
421840,2010,1
421890,2010,0
421900,2010,0
421940,2010,0
422000,2010,0
430045,2010,0
430440,2010,0
430520,2010,0
431055,2010,0
431162,2010,0
431510,2010,0
431640,2010,0
431720,2010,0
431725,2010,0
431790,2010,0
432149,2010,0
500270,2010,0
500330,2010,0
510558,2010,0
510625,2010,0
510760,2010,0
520320,2010,0
520815,2010,1
520870,2010,0
520920,2010,0
520945,2010,0
521190,2010,0
522190,2010,0
522200,2010,0
530010,2010,0
110020,2011,0
110028,2011,0
110034,2011,0
230140,2011,0
230510,2011,0
230980,2011,0
290110,2011,0
290210,2011,0
290290,2011,0
292070,2011,0
292575,2011,0
292940,2011,0
310050,2011,0
310110,2011,0
310160,2011,0
310220,2011,0
310300,2011,0
310500,2011,0
310540,2011,0
310620,2011,1
310640,2011,0
310670,2011,0
310780,2011,0
310800,2011,0
310870,2011,0
310880,2011,0
310925,2011,0
311000,2011,0
311030,2011,0
311205,2011,0
311250,2011,0
311330,2011,0
311340,2011,0
311535,2011,0
311545,2011,0
311620,2011,0
311680,2011,0
311780,2011,0
311787,2011,0
311790,2011,0
311860,2011,1
311940,2011,1
311950,2011,0
311960,2011,0
311995,2011,0
312090,2011,0
312160,2011,0
312200,2011,0
312230,2011,2
312250,2011,0
312320,2011,0
312340,2011,0
312410,2011,1
312470,2011,0
312530,2011,0
312550,2011,0
312590,2011,0
312600,2011,0
312738,2011,0
312770,2011,0
312840,2011,0
312930,2011,0
312950,2011,0
312980,2011,0
313020,2011,0
313030,2011,1
313055,2011,0
313090,2011,0
313110,2011,0
313115,2011,0
313120,2011,0
313130,2011,1
313170,2011,0
313190,2011,0
313250,2011,0
313380,2011,0
313460,2011,0
313500,2011,0
313530,2011,0
313580,2011,0
313660,2011,0
313670,2011,0
313760,2011,0
313770,2011,0
313940,2011,0
314000,2011,0
314060,2011,0
314070,2011,0
314080,2011,1
314090,2011,0
314110,2011,0
314210,2011,0
314240,2011,1
314280,2011,0
314320,2011,0
314340,2011,0
314380,2011,0
314400,2011,0
314430,2011,0
314520,2011,0
314530,2011,1
314560,2011,0
314590,2011,0
314650,2011,0
314700,2011,0
314710,2011,0
314800,2011,0
314810,2011,0
314930,2011,0
315000,2011,0
315140,2011,0
315180,2011,0
315200,2011,0
315370,2011,0
315390,2011,0
315400,2011,0
315420,2011,0
315430,2011,0
315460,2011,0
315490,2011,0
315540,2011,0
315670,2011,0
315720,2011,1
315730,2011,0
315740,2011,0
315780,2011,0
315890,2011,0
315895,2011,1
316190,2011,0
316210,2011,0
316295,2011,0
316340,2011,0
316590,2011,0
316710,2011,0
316720,2011,0
316750,2011,0
316870,2011,0
316920,2011,0
316930,2011,0
316970,2011,0
316990,2011,0
317010,2011,0
317120,2011,0
317130,2011,0
317160,2011,0
320010,2011,0
320060,2011,0
320080,2011,0
320090,2011,0
320140,2011,1
320150,2011,0
320170,2011,0
320316,2011,0
320320,2011,0
320400,2011,0
320420,2011,0
320455,2011,1
320470,2011,1
320480,2011,0
320490,2011,0
320495,2011,0
320500,2011,0
320517,2011,2
330010,2011,0
330030,2011,0
330040,2011,0
330050,2011,0
330060,2011,0
330095,2011,1
330100,2011,0
330200,2011,0
330205,2011,0
330220,2011,0
330227,2011,0
330250,2011,0
330260,2011,0
330310,2011,1
330330,2011,0
330340,2011,0
330350,2011,0
330370,2011,0
330380,2011,2
330385,2011,0
330390,2011,0
330395,2011,0
330400,2011,0
330410,2011,7
330420,2011,0
330450,2011,0
330455,2011,0
330510,2011,0
330515,2011,0
330520,2011,0
330540,2011,0
330600,2011,0
330610,2011,0
330615,2011,0
330620,2011,0
330630,2011,0
350050,2011,0
350100,2011,0
350160,2011,0
350190,2011,1
350330,2011,3
350400,2011,0
350410,2011,0
350450,2011,0
350540,2011,0
350630,2011,0
350635,2011,0
350700,2011,0
350760,2011,0
350840,2011,0
350920,2011,0
350925,2011,0
350950,2011,6
351000,2011,0
351040,2011,0
351050,2011,2
351150,2011,0
351220,2011,0
351240,2011,1
351280,2011,1
351340,2011,0
351380,2011,1
351470,2011,0
351480,2011,0
351515,2011,0
351518,2011,0
351540,2011,0
351610,2011,0
351740,2011,0
351830,2011,0
351880,2011,1
351905,2011,0
351907,2011,0
351950,2011,0
351970,2011,0
351990,2011,0
352030,2011,0
352050,2011,0
352090,2011,0
352120,2011,0
352140,2011,0
352170,2011,0
352190,2011,1
352260,2011,0
352270,2011,0
352330,2011,0
352340,2011,0
352390,2011,1
352420,2011,0
352440,2011,0
352470,2011,1
352520,2011,0
352530,2011,0
352590,2011,1
352610,2011,1
352640,2011,0
352670,2011,0
352680,2011,0
352690,2011,0
352700,2011,0
352720,2011,0
352730,2011,0
352840,2011,0
352850,2011,1
352860,2011,0
352880,2011,0
352990,2011,0
353050,2011,0
353060,2011,0
353070,2011,0
353080,2011,0
353120,2011,0
353340,2011,1
353370,2011,0
353460,2011,0
353470,2011,0
353550,2011,0
353560,2011,0
353610,2011,0
353650,2011,0
353710,2011,0
353720,2011,1
353800,2011,0
353870,2011,2
353880,2011,0
353910,2011,0
353970,2011,0
354000,2011,0
354060,2011,0
354210,2011,0
354220,2011,0
354320,2011,0
354330,2011,0
354340,2011,2
354390,2011,0
354400,2011,0
354410,2011,0
354520,2011,0
354540,2011,0
354580,2011,3
354600,2011,0
354620,2011,0
354640,2011,0
354670,2011,0
354780,2011,0
354800,2011,0
354870,2011,4
354900,2011,0
354990,2011,0
355030,2011,3
355040,2011,0
355070,2011,1
355120,2011,0
355160,2011,1
355180,2011,0
355210,2011,0
355240,2011,1
355330,2011,0
355395,2011,0
355400,2011,0
355410,2011,0
355450,2011,0
355510,2011,0
355540,2011,1
355620,2011,13
355670,2011,3
355720,2011,0
410050,2011,0
410110,2011,0
410120,2011,0
410290,2011,0
410310,2011,0
410345,2011,0
410370,2011,0
410450,2011,0
410470,2011,0
410480,2011,0
410550,2011,0
410690,2011,0
410715,2011,0
410753,2011,0
410830,2011,0
410950,2011,0
410960,2011,0
411100,2011,0
411180,2011,1
411240,2011,0
411340,2011,0
411370,2011,0
411480,2011,0
411560,2011,0
411570,2011,0
411580,2011,0
411620,2011,0
411750,2011,0
411820,2011,0
411845,2011,0
411990,2011,0
412090,2011,0
412180,2011,0
412470,2011,0
412550,2011,0
412680,2011,0
412760,2011,0
412810,2011,0
412855,2011,0
420110,2011,0
420120,2011,0
420125,2011,0
420130,2011,0
420140,2011,0
420170,2011,0
420200,2011,0
420220,2011,0
420230,2011,1
420240,2011,9
420245,2011,0
420270,2011,0
420280,2011,0
420290,2011,0
420370,2011,0
420425,2011,0
420450,2011,0
420460,2011,0
420540,2011,0
420580,2011,1
420590,2011,1
420610,2011,0
420630,2011,0
420650,2011,0
420690,2011,0
420710,2011,0
420720,2011,0
420730,2011,0
420750,2011,0
420820,2011,0
420830,2011,0
420845,2011,0
420890,2011,1
420910,2011,3
420990,2011,0
421000,2011,1
421055,2011,0
421060,2011,0
421150,2011,0
421160,2011,0
421170,2011,0
421190,2011,0
421250,2011,1
421280,2011,0
421320,2011,0
421380,2011,0
421470,2011,0
421510,2011,1
421590,2011,0
421620,2011,0
421700,2011,0
421725,2011,0
421740,2011,0
421820,2011,1
421835,2011,0
421840,2011,0
421890,2011,0
421900,2011,1
421940,2011,0
422000,2011,0
430045,2011,0
430440,2011,0
430520,2011,0
431055,2011,0
431162,2011,0
431510,2011,0
431640,2011,1
431720,2011,0
431725,2011,0
431790,2011,0
432149,2011,0
500270,2011,0
500330,2011,0
510558,2011,0
510625,2011,0
510760,2011,0
520320,2011,0
520815,2011,0
520870,2011,0
520920,2011,0
520945,2011,0
521190,2011,0
522190,2011,0
522200,2011,0
530010,2011,0
110020,2012,0
110028,2012,0
110034,2012,0
230140,2012,1
230510,2012,0
230980,2012,0
290110,2012,0
290210,2012,0
290290,2012,0
292070,2012,0
292575,2012,0
292940,2012,0
310050,2012,0
310110,2012,0
310160,2012,0
310220,2012,0
310300,2012,0
310500,2012,0
310540,2012,0
310620,2012,0
310640,2012,0
310670,2012,0
310780,2012,1
310800,2012,0
310870,2012,0
310880,2012,0
310925,2012,1
311000,2012,0
311030,2012,0
311205,2012,0
311250,2012,0
311330,2012,0
311340,2012,0
311535,2012,0
311545,2012,0
311620,2012,0
311680,2012,0
311780,2012,0
311787,2012,0
311790,2012,0
311860,2012,0
311940,2012,0
311950,2012,0
311960,2012,0
311995,2012,0
312090,2012,0
312160,2012,0
312200,2012,0
312230,2012,0
312250,2012,0
312320,2012,0
312340,2012,0
312410,2012,0
312470,2012,0
312530,2012,0
312550,2012,0
312590,2012,0
312600,2012,0
312738,2012,0
312770,2012,0
312840,2012,0
312930,2012,0
312950,2012,0
312980,2012,0
313020,2012,0
313030,2012,0
313055,2012,0
313090,2012,0
313110,2012,0
313115,2012,0
313120,2012,0
313130,2012,0
313170,2012,0
313190,2012,0
313250,2012,0
313380,2012,0
313460,2012,0
313500,2012,0
313530,2012,0
313580,2012,0
313660,2012,0
313670,2012,3
313760,2012,0
313770,2012,0
313940,2012,0
314000,2012,0
314060,2012,0
314070,2012,0
314080,2012,0
314090,2012,0
314110,2012,0
314210,2012,0
314240,2012,0
314280,2012,0
314320,2012,0
314340,2012,0
314380,2012,0
314400,2012,0
314430,2012,0
314520,2012,0
314530,2012,0
314560,2012,0
314590,2012,0
314650,2012,0
314700,2012,0
314710,2012,0
314800,2012,0
314810,2012,0
314930,2012,0
315000,2012,0
315140,2012,0
315180,2012,0
315200,2012,0
315370,2012,0
315390,2012,0
315400,2012,0
315420,2012,0
315430,2012,0
315460,2012,0
315490,2012,0
315540,2012,0
315670,2012,0
315720,2012,0
315730,2012,0
315740,2012,0
315780,2012,0
315890,2012,0
315895,2012,0
316190,2012,0
316210,2012,0
316295,2012,0
316340,2012,0
316590,2012,0
316710,2012,1
316720,2012,0
316750,2012,0
316870,2012,0
316920,2012,0
316930,2012,0
316970,2012,0
316990,2012,0
317010,2012,0
317120,2012,0
317130,2012,0
317160,2012,0
320010,2012,0
320060,2012,0
320080,2012,0
320090,2012,0
320140,2012,0
320150,2012,2
320170,2012,0
320316,2012,0
320320,2012,0
320400,2012,0
320420,2012,1
320455,2012,0
320470,2012,0
320480,2012,0
320490,2012,0
320495,2012,0
320500,2012,0
320517,2012,0
330010,2012,0
330030,2012,0
330040,2012,0
330050,2012,0
330060,2012,0
330095,2012,0
330100,2012,0
330200,2012,0
330205,2012,0
330220,2012,1
330227,2012,0
330250,2012,0
330260,2012,0
330310,2012,0
330330,2012,0
330340,2012,0
330350,2012,0
330370,2012,0
330380,2012,0
330385,2012,0
330390,2012,0
330395,2012,0
330400,2012,0
330410,2012,0
330420,2012,0
330450,2012,0
330455,2012,0
330510,2012,0
330515,2012,0
330520,2012,0
330540,2012,0
330600,2012,1
330610,2012,0
330615,2012,0
330620,2012,0
330630,2012,0
350050,2012,0
350100,2012,0
350160,2012,1
350190,2012,0
350330,2012,0
350400,2012,2
350410,2012,0
350450,2012,0
350540,2012,0
350630,2012,0
350635,2012,0
350700,2012,0
350760,2012,0
350840,2012,0
350920,2012,0
350925,2012,0
350950,2012,5
351000,2012,0
351040,2012,0
351050,2012,0
351150,2012,0
351220,2012,0
351240,2012,0
351280,2012,3
351340,2012,1
351380,2012,0
351470,2012,0
351480,2012,0
351515,2012,0
351518,2012,0
351540,2012,0
351610,2012,0
351740,2012,0
351830,2012,0
351880,2012,0
351905,2012,0
351907,2012,0
351950,2012,0
351970,2012,0
351990,2012,0
352030,2012,0
352050,2012,0
352090,2012,0
352120,2012,0
352140,2012,0
352170,2012,0
352190,2012,0
352260,2012,1
352270,2012,0
352330,2012,1
352340,2012,1
352390,2012,1
352420,2012,0
352440,2012,0
352470,2012,0
352520,2012,0
352530,2012,0
352590,2012,0
352610,2012,0
352640,2012,0
352670,2012,0
352680,2012,0
352690,2012,0
352700,2012,0
352720,2012,0
352730,2012,0
352840,2012,0
352850,2012,0
352860,2012,0
352880,2012,1
352990,2012,0
353050,2012,0
353060,2012,0
353070,2012,0
353080,2012,0
353120,2012,0
353340,2012,1
353370,2012,0
353460,2012,0
353470,2012,1
353550,2012,0
353560,2012,0
353610,2012,0
353650,2012,5
353710,2012,0
353720,2012,0
353800,2012,0
353870,2012,10
353880,2012,1
353910,2012,0
353970,2012,0
354000,2012,1
354060,2012,2
354210,2012,0
354220,2012,2
354320,2012,0
354330,2012,2
354340,2012,0
354390,2012,0
354400,2012,0
354410,2012,1
354520,2012,0
354540,2012,0
354580,2012,1
354600,2012,0
354620,2012,0
354640,2012,0
354670,2012,0
354780,2012,7
354800,2012,0
354870,2012,0
354900,2012,0
354990,2012,0
355030,2012,2
355040,2012,0
355070,2012,0
355120,2012,0
355160,2012,0
355180,2012,0
355210,2012,0
355240,2012,0
355330,2012,0
355395,2012,1
355400,2012,0
355410,2012,0
355450,2012,1
355510,2012,0
355540,2012,0
355620,2012,3
355670,2012,1
355720,2012,0
410050,2012,0
410110,2012,0
410120,2012,0
410290,2012,1
410310,2012,0
410345,2012,0
410370,2012,1
410450,2012,0
410470,2012,0
410480,2012,0
410550,2012,0
410690,2012,0
410715,2012,0
410753,2012,0
410830,2012,0
410950,2012,0
410960,2012,0
411100,2012,0
411180,2012,0
411240,2012,0
411340,2012,0
411370,2012,0
411480,2012,0
411560,2012,0
411570,2012,0
411580,2012,1
411620,2012,0
411750,2012,0
411820,2012,1
411845,2012,0
411990,2012,0
412090,2012,0
412180,2012,0
412470,2012,0
412550,2012,0
412680,2012,0
412760,2012,0
412810,2012,0
412855,2012,0
420110,2012,0
420120,2012,0
420125,2012,0
420130,2012,0
420140,2012,0
420170,2012,0
420200,2012,0
420220,2012,0
420230,2012,0
420240,2012,7
420245,2012,3
420270,2012,0
420280,2012,0
420290,2012,2
420370,2012,0
420425,2012,0
420450,2012,2
420460,2012,0
420540,2012,0
420580,2012,0
420590,2012,3
420610,2012,0
420630,2012,0
420650,2012,2
420690,2012,0
420710,2012,0
420720,2012,0
420730,2012,0
420750,2012,0
420820,2012,0
420830,2012,0
420845,2012,0
420890,2012,4
420910,2012,1
420990,2012,1
421000,2012,2
421055,2012,0
421060,2012,0
421150,2012,0
421160,2012,0
421170,2012,0
421190,2012,0
421250,2012,0
421280,2012,0
421320,2012,1
421380,2012,0
421470,2012,0
421510,2012,1
421590,2012,0
421620,2012,1
421700,2012,0
421725,2012,0
421740,2012,4
421820,2012,1
421835,2012,0
421840,2012,0
421890,2012,0
421900,2012,0
421940,2012,0
422000,2012,0
430045,2012,0
430440,2012,0
430520,2012,0
431055,2012,0
431162,2012,0
431510,2012,0
431640,2012,0
431720,2012,0
431725,2012,0
431790,2012,0
432149,2012,0
500270,2012,0
500330,2012,0
510558,2012,0
510625,2012,0
510760,2012,0
520320,2012,0
520815,2012,0
520870,2012,0
520920,2012,0
520945,2012,0
521190,2012,0
522190,2012,0
522200,2012,0
530010,2012,0
110020,2013,0
110028,2013,0
110034,2013,0
230140,2013,0
230510,2013,2
230980,2013,1
290110,2013,0
290210,2013,0
290290,2013,0
292070,2013,0
292575,2013,0
292940,2013,0
310050,2013,1
310110,2013,0
310160,2013,0
310220,2013,0
310300,2013,0
310500,2013,0
310540,2013,0
310620,2013,1
310640,2013,0
310670,2013,0
310780,2013,0
310800,2013,0
310870,2013,0
310880,2013,0
310925,2013,0
311000,2013,0
311030,2013,0
311205,2013,0
311250,2013,0
311330,2013,1
311340,2013,0
311535,2013,0
311545,2013,0
311620,2013,0
311680,2013,0
311780,2013,0
311787,2013,0
311790,2013,0
311860,2013,1
311940,2013,0
311950,2013,0
311960,2013,0
311995,2013,0
312090,2013,0
312160,2013,0
312200,2013,0
312230,2013,0
312250,2013,0
312320,2013,0
312340,2013,0
312410,2013,0
312470,2013,0
312530,2013,0
312550,2013,0
312590,2013,0
312600,2013,0
312738,2013,1
312770,2013,0
312840,2013,0
312930,2013,0
312950,2013,0
312980,2013,0
313020,2013,0
313030,2013,0
313055,2013,0
313090,2013,0
313110,2013,0
313115,2013,0
313120,2013,0
313130,2013,0
313170,2013,0
313190,2013,0
313250,2013,0
313380,2013,0
313460,2013,0
313500,2013,0
313530,2013,0
313580,2013,1
313660,2013,0
313670,2013,1
313760,2013,0
313770,2013,1
313940,2013,0
314000,2013,0
314060,2013,0
314070,2013,1
314080,2013,0
314090,2013,0
314110,2013,0
314210,2013,0
314240,2013,0
314280,2013,0
314320,2013,0
314340,2013,0
314380,2013,0
314400,2013,0
314430,2013,0
314520,2013,0
314530,2013,0
314560,2013,0
314590,2013,0
314650,2013,0
314700,2013,0
314710,2013,0
314800,2013,0
314810,2013,0
314930,2013,0
315000,2013,0
315140,2013,0
315180,2013,0
315200,2013,0
315370,2013,0
315390,2013,0
315400,2013,0
315420,2013,0
315430,2013,0
315460,2013,0
315490,2013,0
315540,2013,0
315670,2013,1
315720,2013,0
315730,2013,0
315740,2013,0
315780,2013,0
315890,2013,1
315895,2013,0
316190,2013,0
316210,2013,0
316295,2013,0
316340,2013,0
316590,2013,0
316710,2013,0
316720,2013,0
316750,2013,0
316870,2013,0
316920,2013,0
316930,2013,0
316970,2013,0
316990,2013,0
317010,2013,0
317120,2013,0
317130,2013,0
317160,2013,0
320010,2013,0
320060,2013,0
320080,2013,0
320090,2013,0
320140,2013,0
320150,2013,2
320170,2013,0
320316,2013,0
320320,2013,0
320400,2013,0
320420,2013,0
320455,2013,0
320470,2013,0
320480,2013,0
320490,2013,1
320495,2013,0
320500,2013,0
320517,2013,1
330010,2013,0
330030,2013,0
330040,2013,0
330050,2013,0
330060,2013,0
330095,2013,0
330100,2013,0
330200,2013,0
330205,2013,0
330220,2013,0
330227,2013,0
330250,2013,0
330260,2013,0
330310,2013,0
330330,2013,0
330340,2013,0
330350,2013,0
330370,2013,0
330380,2013,0
330385,2013,0
330390,2013,0
330395,2013,0
330400,2013,0
330410,2013,0
330420,2013,0
330450,2013,0
330455,2013,2
330510,2013,0
330515,2013,0
330520,2013,0
330540,2013,0
330600,2013,0
330610,2013,0
330615,2013,0
330620,2013,0
330630,2013,0
350050,2013,0
350100,2013,0
350160,2013,0
350190,2013,2
350330,2013,2
350400,2013,2
350410,2013,0
350450,2013,0
350540,2013,0
350630,2013,0
350635,2013,0
350700,2013,0
350760,2013,0
350840,2013,0
350920,2013,0
350925,2013,0
350950,2013,5
351000,2013,1
351040,2013,0
351050,2013,0
351150,2013,0
351220,2013,0
351240,2013,1
351280,2013,4
351340,2013,0
351380,2013,0
351470,2013,0
351480,2013,0
351515,2013,0
351518,2013,0
351540,2013,0
351610,2013,0
351740,2013,0
351830,2013,0
351880,2013,0
351905,2013,0
351907,2013,0
351950,2013,0
351970,2013,0
351990,2013,1
352030,2013,0
352050,2013,0
352090,2013,0
352120,2013,0
352140,2013,0
352170,2013,0
352190,2013,0
352260,2013,0
352270,2013,0
352330,2013,0
352340,2013,0
352390,2013,0
352420,2013,0
352440,2013,0
352470,2013,0
352520,2013,0
352530,2013,1
352590,2013,0
352610,2013,0
352640,2013,0
352670,2013,0
352680,2013,0
352690,2013,0
352700,2013,0
352720,2013,0
352730,2013,1
352840,2013,0
352850,2013,0
352860,2013,0
352880,2013,0
352990,2013,0
353050,2013,0
353060,2013,0
353070,2013,0
353080,2013,0
353120,2013,0
353340,2013,0
353370,2013,0
353460,2013,1
353470,2013,0
353550,2013,0
353560,2013,0
353610,2013,0
353650,2013,0
353710,2013,0
353720,2013,0
353800,2013,0
353870,2013,10
353880,2013,0
353910,2013,0
353970,2013,0
354000,2013,0
354060,2013,0
354210,2013,0
354220,2013,0
354320,2013,0
354330,2013,0
354340,2013,0
354390,2013,0
354400,2013,0
354410,2013,0
354520,2013,0
354540,2013,0
354580,2013,0
354600,2013,0
354620,2013,0
354640,2013,0
354670,2013,0
354780,2013,1
354800,2013,1
354870,2013,1
354900,2013,0
354990,2013,2
355030,2013,1
355040,2013,0
355070,2013,0
355120,2013,0
355160,2013,0
355180,2013,0
355210,2013,0
355240,2013,0
355330,2013,1
355395,2013,1
355400,2013,0
355410,2013,0
355450,2013,0
355510,2013,0
355540,2013,0
355620,2013,4
355670,2013,0
355720,2013,0
410050,2013,0
410110,2013,0
410120,2013,0
410290,2013,0
410310,2013,0
410345,2013,0
410370,2013,0
410450,2013,0
410470,2013,0
410480,2013,0
410550,2013,1
410690,2013,0
410715,2013,0
410753,2013,0
410830,2013,0
410950,2013,0
410960,2013,0
411100,2013,0
411180,2013,0
411240,2013,0
411340,2013,0
411370,2013,0
411480,2013,0
411560,2013,0
411570,2013,0
411580,2013,0
411620,2013,0
411750,2013,0
411820,2013,0
411845,2013,0
411990,2013,0
412090,2013,0
412180,2013,0
412470,2013,0
412550,2013,0
412680,2013,0
412760,2013,0
412810,2013,0
412855,2013,0
420110,2013,0
420120,2013,0
420125,2013,0
420130,2013,2
420140,2013,0
420170,2013,0
420200,2013,0
420220,2013,0
420230,2013,2
420240,2013,10
420245,2013,0
420270,2013,0
420280,2013,0
420290,2013,2
420370,2013,0
420425,2013,0
420450,2013,1
420460,2013,0
420540,2013,0
420580,2013,1
420590,2013,0
420610,2013,0
420630,2013,0
420650,2013,1
420690,2013,0
420710,2013,0
420720,2013,0
420730,2013,0
420750,2013,2
420820,2013,0
420830,2013,0
420845,2013,0
420890,2013,2
420910,2013,2
420990,2013,0
421000,2013,0
421055,2013,0
421060,2013,0
421150,2013,0
421160,2013,0
421170,2013,0
421190,2013,0
421250,2013,0
421280,2013,0
421320,2013,0
421380,2013,0
421470,2013,0
421510,2013,1
421590,2013,0
421620,2013,0
421700,2013,0
421725,2013,0
421740,2013,1
421820,2013,0
421835,2013,0
421840,2013,0
421890,2013,0
421900,2013,0
421940,2013,0
422000,2013,1
430045,2013,0
430440,2013,0
430520,2013,0
431055,2013,0
431162,2013,2
431510,2013,0
431640,2013,0
431720,2013,0
431725,2013,0
431790,2013,0
432149,2013,0
500270,2013,0
500330,2013,0
510558,2013,0
510625,2013,0
510760,2013,0
520320,2013,0
520815,2013,0
520870,2013,0
520920,2013,0
520945,2013,0
521190,2013,0
522190,2013,0
522200,2013,0
530010,2013,0
110020,2014,0
110028,2014,0
110034,2014,0
230140,2014,0
230510,2014,1
230980,2014,0
290110,2014,0
290210,2014,0
290290,2014,0
292070,2014,0
292575,2014,0
292940,2014,0
310050,2014,0
310110,2014,0
310160,2014,0
310220,2014,0
310300,2014,0
310500,2014,0
310540,2014,0
310620,2014,0
310640,2014,0
310670,2014,0
310780,2014,0
310800,2014,0
310870,2014,0
310880,2014,0
310925,2014,1
311000,2014,0
311030,2014,0
311205,2014,0
311250,2014,0
311330,2014,0
311340,2014,0
311535,2014,0
311545,2014,0
311620,2014,0
311680,2014,0
311780,2014,0
311787,2014,0
311790,2014,0
311860,2014,1
311940,2014,0
311950,2014,0
311960,2014,1
311995,2014,0
312090,2014,0
312160,2014,0
312200,2014,0
312230,2014,0
312250,2014,0
312320,2014,0
312340,2014,0
312410,2014,0
312470,2014,0
312530,2014,0
312550,2014,0
312590,2014,0
312600,2014,0
312738,2014,0
312770,2014,0
312840,2014,0
312930,2014,1
312950,2014,2
312980,2014,0
313020,2014,0
313030,2014,0
313055,2014,0
313090,2014,0
313110,2014,0
313115,2014,0
313120,2014,0
313130,2014,0
313170,2014,0
313190,2014,0
313250,2014,1
313380,2014,0
313460,2014,0
313500,2014,0
313530,2014,0
313580,2014,0
313660,2014,0
313670,2014,0
313760,2014,0
313770,2014,0
313940,2014,0
314000,2014,0
314060,2014,0
314070,2014,0
314080,2014,2
314090,2014,0
314110,2014,0
314210,2014,0
314240,2014,0
314280,2014,0
314320,2014,0
314340,2014,0
314380,2014,0
314400,2014,0
314430,2014,0
314520,2014,0
314530,2014,0
314560,2014,0
314590,2014,0
314650,2014,0
314700,2014,0
314710,2014,0
314800,2014,0
314810,2014,0
314930,2014,0
315000,2014,0
315140,2014,0
315180,2014,1
315200,2014,0
315370,2014,0
315390,2014,0
315400,2014,0
315420,2014,0
315430,2014,0
315460,2014,0
315490,2014,0
315540,2014,0
315670,2014,1
315720,2014,0
315730,2014,0
315740,2014,0
315780,2014,0
315890,2014,0
315895,2014,0
316190,2014,0
316210,2014,0
316295,2014,0
316340,2014,0
316590,2014,0
316710,2014,0
316720,2014,0
316750,2014,0
316870,2014,0
316920,2014,0
316930,2014,0
316970,2014,0
316990,2014,0
317010,2014,0
317120,2014,0
317130,2014,0
317160,2014,0
320010,2014,0
320060,2014,0
320080,2014,0
320090,2014,0
320140,2014,0
320150,2014,1
320170,2014,0
320316,2014,0
320320,2014,0
320400,2014,1
320420,2014,0
320455,2014,0
320470,2014,1
320480,2014,0
320490,2014,0
320495,2014,0
320500,2014,0
320517,2014,0
330010,2014,0
330030,2014,0
330040,2014,0
330050,2014,0
330060,2014,0
330095,2014,0
330100,2014,0
330200,2014,0
330205,2014,1
330220,2014,2
330227,2014,0
330250,2014,2
330260,2014,0
330310,2014,1
330330,2014,0
330340,2014,0
330350,2014,0
330370,2014,0
330380,2014,1
330385,2014,0
330390,2014,1
330395,2014,0
330400,2014,0
330410,2014,2
330420,2014,0
330450,2014,0
330455,2014,1
330510,2014,1
330515,2014,0
330520,2014,0
330540,2014,0
330600,2014,2
330610,2014,0
330615,2014,2
330620,2014,0
330630,2014,0
350050,2014,0
350100,2014,0
350160,2014,2
350190,2014,1
350330,2014,3
350400,2014,3
350410,2014,0
350450,2014,0
350540,2014,0
350630,2014,0
350635,2014,0
350700,2014,0
350760,2014,0
350840,2014,0
350920,2014,0
350925,2014,0
350950,2014,4
351000,2014,0
351040,2014,0
351050,2014,0
351150,2014,0
351220,2014,1
351240,2014,0
351280,2014,2
351340,2014,0
351380,2014,1
351470,2014,0
351480,2014,0
351515,2014,0
351518,2014,0
351540,2014,0
351610,2014,0
351740,2014,0
351830,2014,0
351880,2014,0
351905,2014,0
351907,2014,0
351950,2014,0
351970,2014,0
351990,2014,0
352030,2014,0
352050,2014,0
352090,2014,0
352120,2014,0
352140,2014,0
352170,2014,0
352190,2014,0
352260,2014,0
352270,2014,0
352330,2014,0
352340,2014,0
352390,2014,5
352420,2014,0
352440,2014,0
352470,2014,1
352520,2014,0
352530,2014,0
352590,2014,2
352610,2014,0
352640,2014,0
352670,2014,0
352680,2014,0
352690,2014,1
352700,2014,0
352720,2014,0
352730,2014,0
352840,2014,0
352850,2014,0
352860,2014,0
352880,2014,0
352990,2014,1
353050,2014,0
353060,2014,0
353070,2014,0
353080,2014,0
353120,2014,0
353340,2014,1
353370,2014,0
353460,2014,0
353470,2014,0
353550,2014,0
353560,2014,0
353610,2014,0
353650,2014,0
353710,2014,1
353720,2014,0
353800,2014,0
353870,2014,5
353880,2014,0
353910,2014,0
353970,2014,0
354000,2014,0
354060,2014,0
354210,2014,0
354220,2014,1
354320,2014,0
354330,2014,0
354340,2014,0
354390,2014,1
354400,2014,0
354410,2014,0
354520,2014,1
354540,2014,1
354580,2014,2
354600,2014,0
354620,2014,0
354640,2014,0
354670,2014,0
354780,2014,2
354800,2014,0
354870,2014,2
354900,2014,0
354990,2014,1
355030,2014,1
355040,2014,0
355070,2014,0
355120,2014,0
355160,2014,0
355180,2014,0
355210,2014,0
355240,2014,2
355330,2014,0
355395,2014,0
355400,2014,0
355410,2014,0
355450,2014,0
355510,2014,1
355540,2014,0
355620,2014,2
355670,2014,2
355720,2014,0
410050,2014,0
410110,2014,0
410120,2014,0
410290,2014,0
410310,2014,0
410345,2014,0
410370,2014,0
410450,2014,0
410470,2014,0
410480,2014,0
410550,2014,0
410690,2014,0
410715,2014,0
410753,2014,0
410830,2014,0
410950,2014,0
410960,2014,0
411100,2014,0
411180,2014,0
411240,2014,0
411340,2014,0
411370,2014,0
411480,2014,0
411560,2014,0
411570,2014,0
411580,2014,0
411620,2014,0
411750,2014,0
411820,2014,0
411845,2014,0
411990,2014,0
412090,2014,0
412180,2014,0
412470,2014,1
412550,2014,0
412680,2014,0
412760,2014,2
412810,2014,0
412855,2014,0
420110,2014,0
420120,2014,0
420125,2014,0
420130,2014,0
420140,2014,0
420170,2014,1
420200,2014,0
420220,2014,2
420230,2014,0
420240,2014,6
420245,2014,0
420270,2014,0
420280,2014,0
420290,2014,1
420370,2014,0
420425,2014,1
420450,2014,3
420460,2014,1
420540,2014,0
420580,2014,4
420590,2014,0
420610,2014,0
420630,2014,0
420650,2014,4
420690,2014,1
420710,2014,0
420720,2014,1
420730,2014,2
420750,2014,0
420820,2014,1
420830,2014,0
420845,2014,0
420890,2014,0
420910,2014,1
420990,2014,0
421000,2014,2
421055,2014,0
421060,2014,0
421150,2014,0
421160,2014,0
421170,2014,0
421190,2014,1
421250,2014,0
421280,2014,0
421320,2014,0
421380,2014,1
421470,2014,0
421510,2014,6
421590,2014,0
421620,2014,2
421700,2014,0
421725,2014,0
421740,2014,4
421820,2014,1
421835,2014,1
421840,2014,0
421890,2014,2
421900,2014,0
421940,2014,0
422000,2014,0
430045,2014,0
430440,2014,0
430520,2014,0
431055,2014,0
431162,2014,0
431510,2014,0
431640,2014,0
431720,2014,0
431725,2014,0
431790,2014,0
432149,2014,1
500270,2014,0
500330,2014,0
510558,2014,0
510625,2014,0
510760,2014,0
520320,2014,0
520815,2014,0
520870,2014,0
520920,2014,0
520945,2014,0
521190,2014,0
522190,2014,0
522200,2014,0
530010,2014,0
110020,2015,1
110028,2015,0
110034,2015,0
230140,2015,0
230510,2015,0
230980,2015,2
290110,2015,0
290210,2015,0
290290,2015,0
292070,2015,0
292575,2015,0
292940,2015,0
310050,2015,0
310110,2015,0
310160,2015,0
310220,2015,0
310300,2015,0
310500,2015,0
310540,2015,0
310620,2015,0
310640,2015,0
310670,2015,0
310780,2015,0
310800,2015,0
310870,2015,0
310880,2015,0
310925,2015,0
311000,2015,0
311030,2015,0
311205,2015,0
311250,2015,0
311330,2015,1
311340,2015,0
311535,2015,1
311545,2015,0
311620,2015,0
311680,2015,0
311780,2015,0
311787,2015,0
311790,2015,0
311860,2015,0
311940,2015,0
311950,2015,0
311960,2015,0
311995,2015,0
312090,2015,0
312160,2015,0
312200,2015,0
312230,2015,0
312250,2015,0
312320,2015,0
312340,2015,0
312410,2015,0
312470,2015,0
312530,2015,0
312550,2015,1
312590,2015,0
312600,2015,0
312738,2015,0
312770,2015,0
312840,2015,1
312930,2015,0
312950,2015,0
312980,2015,0
313020,2015,0
313030,2015,0
313055,2015,0
313090,2015,0
313110,2015,0
313115,2015,1
313120,2015,0
313130,2015,0
313170,2015,0
313190,2015,0
313250,2015,0
313380,2015,0
313460,2015,0
313500,2015,0
313530,2015,0
313580,2015,0
313660,2015,0
313670,2015,1
313760,2015,0
313770,2015,0
313940,2015,0
314000,2015,0
314060,2015,0
314070,2015,0
314080,2015,1
314090,2015,0
314110,2015,0
314210,2015,0
314240,2015,0
314280,2015,0
314320,2015,0
314340,2015,0
314380,2015,1
314400,2015,0
314430,2015,2
314520,2015,0
314530,2015,0
314560,2015,0
314590,2015,0
314650,2015,0
314700,2015,0
314710,2015,0
314800,2015,0
314810,2015,0
314930,2015,0
315000,2015,0
315140,2015,0
315180,2015,0
315200,2015,0
315370,2015,0
315390,2015,0
315400,2015,0
315420,2015,0
315430,2015,0
315460,2015,0
315490,2015,0
315540,2015,0
315670,2015,0
315720,2015,3
315730,2015,0
315740,2015,0
315780,2015,0
315890,2015,0
315895,2015,0
316190,2015,0
316210,2015,0
316295,2015,0
316340,2015,0
316590,2015,0
316710,2015,0
316720,2015,0
316750,2015,0
316870,2015,0
316920,2015,1
316930,2015,0
316970,2015,0
316990,2015,0
317010,2015,0
317120,2015,0
317130,2015,1
317160,2015,0
320010,2015,0
320060,2015,1
320080,2015,0
320090,2015,0
320140,2015,0
320150,2015,2
320170,2015,0
320316,2015,0
320320,2015,0
320400,2015,1
320420,2015,0
320455,2015,1
320470,2015,0
320480,2015,0
320490,2015,0
320495,2015,0
320500,2015,0
320517,2015,0
330010,2015,0
330030,2015,0
330040,2015,0
330050,2015,0
330060,2015,0
330095,2015,0
330100,2015,1
330200,2015,0
330205,2015,0
330220,2015,3
330227,2015,0
330250,2015,1
330260,2015,0
330310,2015,2
330330,2015,0
330340,2015,0
330350,2015,0
330370,2015,1
330380,2015,1
330385,2015,0
330390,2015,0
330395,2015,0
330400,2015,0
330410,2015,0
330420,2015,0
330450,2015,0
330455,2015,0
330510,2015,0
330515,2015,0
330520,2015,0
330540,2015,0
330600,2015,1
330610,2015,0
330615,2015,0
330620,2015,0
330630,2015,0
350050,2015,0
350100,2015,0
350160,2015,2
350190,2015,0
350330,2015,1
350400,2015,1
350410,2015,0
350450,2015,1
350540,2015,0
350630,2015,0
350635,2015,0
350700,2015,0
350760,2015,0
350840,2015,0
350920,2015,0
350925,2015,0
350950,2015,5
351000,2015,0
351040,2015,1
351050,2015,2
351150,2015,0
351220,2015,1
351240,2015,3
351280,2015,1
351340,2015,0
351380,2015,0
351470,2015,1
351480,2015,0
351515,2015,2
351518,2015,1
351540,2015,0
351610,2015,0
351740,2015,0
351830,2015,0
351880,2015,0
351905,2015,0
351907,2015,0
351950,2015,0
351970,2015,0
351990,2015,0
352030,2015,0
352050,2015,1
352090,2015,0
352120,2015,0
352140,2015,2
352170,2015,0
352190,2015,0
352260,2015,0
352270,2015,0
352330,2015,0
352340,2015,0
352390,2015,3
352420,2015,1
352440,2015,0
352470,2015,0
352520,2015,0
352530,2015,0
352590,2015,1
352610,2015,0
352640,2015,0
352670,2015,0
352680,2015,0
352690,2015,3
352700,2015,0
352720,2015,0
352730,2015,0
352840,2015,0
352850,2015,0
352860,2015,0
352880,2015,0
352990,2015,0
353050,2015,1
353060,2015,0
353070,2015,0
353080,2015,0
353120,2015,1
353340,2015,0
353370,2015,0
353460,2015,0
353470,2015,0
353550,2015,1
353560,2015,1
353610,2015,0
353650,2015,0
353710,2015,4
353720,2015,0
353800,2015,0
353870,2015,4
353880,2015,0
353910,2015,2
353970,2015,0
354000,2015,0
354060,2015,1
354210,2015,0
354220,2015,2
354320,2015,0
354330,2015,0
354340,2015,0
354390,2015,0
354400,2015,0
354410,2015,0
354520,2015,0
354540,2015,2
354580,2015,4
354600,2015,0
354620,2015,1
354640,2015,0
354670,2015,1
354780,2015,3
354800,2015,0
354870,2015,2
354900,2015,0
354990,2015,0
355030,2015,1
355040,2015,1
355070,2015,0
355120,2015,0
355160,2015,0
355180,2015,0
355210,2015,0
355240,2015,1
355330,2015,0
355395,2015,0
355400,2015,0
355410,2015,0
355450,2015,0
355510,2015,0
355540,2015,1
355620,2015,5
355670,2015,0
355720,2015,0
410050,2015,1
410110,2015,0
410120,2015,0
410290,2015,0
410310,2015,0
410345,2015,0
410370,2015,0
410450,2015,0
410470,2015,0
410480,2015,1
410550,2015,0
410690,2015,0
410715,2015,0
410753,2015,0
410830,2015,0
410950,2015,0
410960,2015,0
411100,2015,0
411180,2015,0
411240,2015,0
411340,2015,0
411370,2015,0
411480,2015,0
411560,2015,0
411570,2015,0
411580,2015,0
411620,2015,0
411750,2015,0
411820,2015,0
411845,2015,1
411990,2015,0
412090,2015,0
412180,2015,0
412470,2015,0
412550,2015,0
412680,2015,0
412760,2015,0
412810,2015,0
412855,2015,0
420110,2015,0
420120,2015,0
420125,2015,0
420130,2015,0
420140,2015,0
420170,2015,0
420200,2015,0
420220,2015,2
420230,2015,0
420240,2015,1
420245,2015,0
420270,2015,0
420280,2015,0
420290,2015,1
420370,2015,0
420425,2015,0
420450,2015,1
420460,2015,1
420540,2015,0
420580,2015,0
420590,2015,0
420610,2015,0
420630,2015,0
420650,2015,3
420690,2015,0
420710,2015,0
420720,2015,0
420730,2015,0
420750,2015,0
420820,2015,0
420830,2015,0
420845,2015,1
420890,2015,0
420910,2015,0
420990,2015,0
421000,2015,0
421055,2015,0
421060,2015,1
421150,2015,1
421160,2015,0
421170,2015,0
421190,2015,1
421250,2015,0
421280,2015,0
421320,2015,1
421380,2015,0
421470,2015,0
421510,2015,1
421590,2015,0
421620,2015,0
421700,2015,0
421725,2015,0
421740,2015,1
421820,2015,0
421835,2015,0
421840,2015,0
421890,2015,0
421900,2015,0
421940,2015,1
422000,2015,0
430045,2015,0
430440,2015,0
430520,2015,0
431055,2015,0
431162,2015,0
431510,2015,0
431640,2015,0
431720,2015,0
431725,2015,0
431790,2015,0
432149,2015,0
500270,2015,2
500330,2015,0
510558,2015,0
510625,2015,0
510760,2015,0
520320,2015,1
520815,2015,0
520870,2015,0
520920,2015,0
520945,2015,0
521190,2015,1
522190,2015,0
522200,2015,0
530010,2015,0
110020,2016,1
110028,2016,0
110034,2016,1
230140,2016,0
230510,2016,0
230980,2016,0
290110,2016,0
290210,2016,0
290290,2016,0
292070,2016,0
292575,2016,0
292940,2016,0
310050,2016,0
310110,2016,0
310160,2016,0
310220,2016,0
310300,2016,1
310500,2016,0
310540,2016,0
310620,2016,2
310640,2016,0
310670,2016,1
310780,2016,0
310800,2016,0
310870,2016,1
310880,2016,0
310925,2016,0
311000,2016,0
311030,2016,1
311205,2016,0
311250,2016,0
311330,2016,1
311340,2016,0
311535,2016,0
311545,2016,0
311620,2016,1
311680,2016,0
311780,2016,0
311787,2016,0
311790,2016,0
311860,2016,0
311940,2016,0
311950,2016,0
311960,2016,0
311995,2016,0
312090,2016,0
312160,2016,0
312200,2016,0
312230,2016,4
312250,2016,0
312320,2016,0
312340,2016,0
312410,2016,0
312470,2016,0
312530,2016,0
312550,2016,0
312590,2016,0
312600,2016,1
312738,2016,0
312770,2016,0
312840,2016,0
312930,2016,0
312950,2016,0
312980,2016,0
313020,2016,0
313030,2016,0
313055,2016,0
313090,2016,0
313110,2016,0
313115,2016,0
313120,2016,0
313130,2016,0
313170,2016,0
313190,2016,0
313250,2016,0
313380,2016,0
313460,2016,0
313500,2016,0
313530,2016,0
313580,2016,0
313660,2016,0
313670,2016,0
313760,2016,0
313770,2016,0
313940,2016,0
314000,2016,0
314060,2016,0
314070,2016,0
314080,2016,3
314090,2016,0
314110,2016,0
314210,2016,0
314240,2016,0
314280,2016,0
314320,2016,0
314340,2016,0
314380,2016,0
314400,2016,0
314430,2016,0
314520,2016,0
314530,2016,0
314560,2016,0
314590,2016,0
314650,2016,0
314700,2016,0
314710,2016,0
314800,2016,0
314810,2016,0
314930,2016,0
315000,2016,0
315140,2016,0
315180,2016,0
315200,2016,0
315370,2016,0
315390,2016,0
315400,2016,0
315420,2016,0
315430,2016,0
315460,2016,0
315490,2016,0
315540,2016,0
315670,2016,0
315720,2016,0
315730,2016,0
315740,2016,0
315780,2016,0
315890,2016,0
315895,2016,0
316190,2016,0
316210,2016,0
316295,2016,0
316340,2016,0
316590,2016,1
316710,2016,0
316720,2016,0
316750,2016,1
316870,2016,0
316920,2016,0
316930,2016,1
316970,2016,0
316990,2016,0
317010,2016,0
317120,2016,0
317130,2016,0
317160,2016,0
320010,2016,0
320060,2016,1
320080,2016,0
320090,2016,0
320140,2016,0
320150,2016,2
320170,2016,1
320316,2016,0
320320,2016,3
320400,2016,0
320420,2016,0
320455,2016,0
320470,2016,0
320480,2016,0
320490,2016,0
320495,2016,0
320500,2016,0
320517,2016,0
330010,2016,0
330030,2016,0
330040,2016,1
330050,2016,0
330060,2016,2
330095,2016,0
330100,2016,1
330200,2016,0
330205,2016,0
330220,2016,3
330227,2016,0
330250,2016,0
330260,2016,0
330310,2016,1
330330,2016,0
330340,2016,0
330350,2016,0
330370,2016,0
330380,2016,0
330385,2016,0
330390,2016,0
330395,2016,0
330400,2016,0
330410,2016,0
330420,2016,1
330450,2016,0
330455,2016,0
330510,2016,0
330515,2016,0
330520,2016,0
330540,2016,1
330600,2016,0
330610,2016,0
330615,2016,0
330620,2016,0
330630,2016,3
350050,2016,0
350100,2016,0
350160,2016,0
350190,2016,3
350330,2016,0
350400,2016,0
350410,2016,0
350450,2016,0
350540,2016,0
350630,2016,0
350635,2016,0
350700,2016,1
350760,2016,1
350840,2016,0
350920,2016,0
350925,2016,0
350950,2016,4
351000,2016,0
351040,2016,1
351050,2016,1
351150,2016,0
351220,2016,0
351240,2016,0
351280,2016,3
351340,2016,0
351380,2016,0
351470,2016,0
351480,2016,0
351515,2016,1
351518,2016,0
351540,2016,1
351610,2016,0
351740,2016,0
351830,2016,0
351880,2016,0
351905,2016,0
351907,2016,0
351950,2016,0
351970,2016,0
351990,2016,0
352030,2016,0
352050,2016,0
352090,2016,0
352120,2016,0
352140,2016,0
352170,2016,0
352190,2016,0
352260,2016,0
352270,2016,1
352330,2016,0
352340,2016,0
352390,2016,0
352420,2016,0
352440,2016,0
352470,2016,1
352520,2016,1
352530,2016,0
352590,2016,7
352610,2016,0
352640,2016,0
352670,2016,0
352680,2016,0
352690,2016,1
352700,2016,3
352720,2016,0
352730,2016,1
352840,2016,0
352850,2016,0
352860,2016,0
352880,2016,0
352990,2016,0
353050,2016,0
353060,2016,0
353070,2016,0
353080,2016,1
353120,2016,0
353340,2016,1
353370,2016,0
353460,2016,0
353470,2016,0
353550,2016,1
353560,2016,0
353610,2016,1
353650,2016,1
353710,2016,1
353720,2016,0
353800,2016,0
353870,2016,3
353880,2016,0
353910,2016,0
353970,2016,0
354000,2016,0
354060,2016,1
354210,2016,1
354220,2016,0
354320,2016,0
354330,2016,0
354340,2016,0
354390,2016,0
354400,2016,0
354410,2016,0
354520,2016,0
354540,2016,0
354580,2016,5
354600,2016,0
354620,2016,0
354640,2016,0
354670,2016,0
354780,2016,2
354800,2016,0
354870,2016,2
354900,2016,0
354990,2016,0
355030,2016,0
355040,2016,0
355070,2016,0
355120,2016,0
355160,2016,1
355180,2016,0
355210,2016,0
355240,2016,0
355330,2016,0
355395,2016,0
355400,2016,1
355410,2016,0
355450,2016,0
355510,2016,0
355540,2016,0
355620,2016,0
355670,2016,1
355720,2016,0
410050,2016,0
410110,2016,0
410120,2016,0
410290,2016,0
410310,2016,0
410345,2016,0
410370,2016,0
410450,2016,0
410470,2016,0
410480,2016,0
410550,2016,1
410690,2016,0
410715,2016,0
410753,2016,0
410830,2016,0
410950,2016,0
410960,2016,0
411100,2016,1
411180,2016,0
411240,2016,0
411340,2016,0
411370,2016,0
411480,2016,0
411560,2016,0
411570,2016,0
411580,2016,0
411620,2016,0
411750,2016,0
411820,2016,0
411845,2016,0
411990,2016,1
412090,2016,0
412180,2016,0
412470,2016,0
412550,2016,0
412680,2016,0
412760,2016,0
412810,2016,0
412855,2016,0
420110,2016,0
420120,2016,0
420125,2016,0
420130,2016,0
420140,2016,0
420170,2016,2
420200,2016,0
420220,2016,0
420230,2016,0
420240,2016,0
420245,2016,1
420270,2016,0
420280,2016,0
420290,2016,1
420370,2016,0
420425,2016,0
420450,2016,2
420460,2016,0
420540,2016,1
420580,2016,0
420590,2016,0
420610,2016,0
420630,2016,0
420650,2016,1
420690,2016,0
420710,2016,0
420720,2016,0
420730,2016,0
420750,2016,0
420820,2016,1
420830,2016,0
420845,2016,0
420890,2016,1
420910,2016,2
420990,2016,0
421000,2016,1
421055,2016,0
421060,2016,3
421150,2016,1
421160,2016,0
421170,2016,0
421190,2016,0
421250,2016,0
421280,2016,0
421320,2016,1
421380,2016,0
421470,2016,0
421510,2016,1
421590,2016,0
421620,2016,2
421700,2016,0
421725,2016,0
421740,2016,3
421820,2016,0
421835,2016,0
421840,2016,0
421890,2016,0
421900,2016,0
421940,2016,0
422000,2016,0
430045,2016,0
430440,2016,0
430520,2016,0
431055,2016,0
431162,2016,0
431510,2016,0
431640,2016,0
431720,2016,0
431725,2016,0
431790,2016,0
432149,2016,0
500270,2016,1
500330,2016,1
510558,2016,0
510625,2016,0
510760,2016,0
520320,2016,0
520815,2016,0
520870,2016,1
520920,2016,0
520945,2016,0
521190,2016,1
522190,2016,0
522200,2016,0
530010,2016,1
110020,2017,0
110028,2017,1
110034,2017,0
230140,2017,0
230510,2017,0
230980,2017,1
290110,2017,0
290210,2017,0
290290,2017,0
292070,2017,0
292575,2017,0
292940,2017,0
310050,2017,0
310110,2017,0
310160,2017,0
310220,2017,0
310300,2017,0
310500,2017,0
310540,2017,0
310620,2017,0
310640,2017,0
310670,2017,0
310780,2017,0
310800,2017,0
310870,2017,0
310880,2017,0
310925,2017,0
311000,2017,0
311030,2017,0
311205,2017,0
311250,2017,0
311330,2017,0
311340,2017,2
311535,2017,0
311545,2017,1
311620,2017,0
311680,2017,0
311780,2017,1
311787,2017,1
311790,2017,0
311860,2017,2
311940,2017,0
311950,2017,0
311960,2017,0
311995,2017,0
312090,2017,0
312160,2017,0
312200,2017,0
312230,2017,0
312250,2017,0
312320,2017,0
312340,2017,0
312410,2017,0
312470,2017,0
312530,2017,0
312550,2017,0
312590,2017,0
312600,2017,0
312738,2017,0
312770,2017,0
312840,2017,0
312930,2017,0
312950,2017,0
312980,2017,0
313020,2017,0
313030,2017,0
313055,2017,0
313090,2017,0
313110,2017,1
313115,2017,0
313120,2017,0
313130,2017,0
313170,2017,0
313190,2017,0
313250,2017,0
313380,2017,0
313460,2017,1
313500,2017,0
313530,2017,0
313580,2017,0
313660,2017,0
313670,2017,0
313760,2017,2
313770,2017,1
313940,2017,0
314000,2017,0
314060,2017,1
314070,2017,0
314080,2017,0
314090,2017,1
314110,2017,0
314210,2017,0
314240,2017,0
314280,2017,0
314320,2017,0
314340,2017,0
314380,2017,0
314400,2017,0
314430,2017,0
314520,2017,0
314530,2017,0
314560,2017,0
314590,2017,0
314650,2017,0
314700,2017,0
314710,2017,0
314800,2017,0
314810,2017,0
314930,2017,2
315000,2017,0
315140,2017,0
315180,2017,0
315200,2017,0
315370,2017,1
315390,2017,0
315400,2017,1
315420,2017,0
315430,2017,0
315460,2017,0
315490,2017,1
315540,2017,1
315670,2017,0
315720,2017,0
315730,2017,0
315740,2017,0
315780,2017,0
315890,2017,0
315895,2017,0
316190,2017,2
316210,2017,0
316295,2017,0
316340,2017,4
316590,2017,0
316710,2017,0
316720,2017,0
316750,2017,0
316870,2017,0
316920,2017,0
316930,2017,0
316970,2017,0
316990,2017,0
317010,2017,0
317120,2017,0
317130,2017,0
317160,2017,0
320010,2017,2
320060,2017,0
320080,2017,0
320090,2017,0
320140,2017,0
320150,2017,1
320170,2017,0
320316,2017,0
320320,2017,0
320400,2017,0
320420,2017,0
320455,2017,0
320470,2017,0
320480,2017,0
320490,2017,0
320495,2017,0
320500,2017,0
320517,2017,0
330010,2017,0
330030,2017,1
330040,2017,0
330050,2017,0
330060,2017,0
330095,2017,0
330100,2017,0
330200,2017,0
330205,2017,0
330220,2017,2
330227,2017,0
330250,2017,0
330260,2017,1
330310,2017,1
330330,2017,0
330340,2017,0
330350,2017,1
330370,2017,0
330380,2017,0
330385,2017,0
330390,2017,0
330395,2017,0
330400,2017,1
330410,2017,1
330420,2017,1
330450,2017,1
330455,2017,1
330510,2017,0
330515,2017,0
330520,2017,0
330540,2017,3
330600,2017,0
330610,2017,0
330615,2017,0
330620,2017,0
330630,2017,0
350050,2017,1
350100,2017,0
350160,2017,1
350190,2017,1
350330,2017,1
350400,2017,0
350410,2017,0
350450,2017,0
350540,2017,0
350630,2017,0
350635,2017,0
350700,2017,0
350760,2017,0
350840,2017,0
350920,2017,0
350925,2017,0
350950,2017,2
351000,2017,1
351040,2017,0
351050,2017,0
351150,2017,0
351220,2017,0
351240,2017,0
351280,2017,1
351340,2017,0
351380,2017,0
351470,2017,0
351480,2017,0
351515,2017,0
351518,2017,0
351540,2017,0
351610,2017,2
351740,2017,0
351830,2017,0
351880,2017,0
351905,2017,0
351907,2017,0
351950,2017,0
351970,2017,0
351990,2017,0
352030,2017,0
352050,2017,0
352090,2017,0
352120,2017,0
352140,2017,0
352170,2017,0
352190,2017,0
352260,2017,2
352270,2017,0
352330,2017,0
352340,2017,0
352390,2017,0
352420,2017,0
352440,2017,2
352470,2017,4
352520,2017,0
352530,2017,0
352590,2017,1
352610,2017,0
352640,2017,0
352670,2017,1
352680,2017,0
352690,2017,4
352700,2017,3
352720,2017,0
352730,2017,0
352840,2017,1
352850,2017,0
352860,2017,0
352880,2017,1
352990,2017,0
353050,2017,0
353060,2017,1
353070,2017,0
353080,2017,0
353120,2017,2
353340,2017,1
353370,2017,0
353460,2017,0
353470,2017,0
353550,2017,0
353560,2017,0
353610,2017,0
353650,2017,0
353710,2017,0
353720,2017,0
353800,2017,0
353870,2017,8
353880,2017,0
353910,2017,0
353970,2017,0
354000,2017,0
354060,2017,1
354210,2017,0
354220,2017,0
354320,2017,0
354330,2017,0
354340,2017,0
354390,2017,0
354400,2017,0
354410,2017,0
354520,2017,1
354540,2017,0
354580,2017,0
354600,2017,0
354620,2017,0
354640,2017,0
354670,2017,0
354780,2017,2
354800,2017,0
354870,2017,0
354900,2017,0
354990,2017,0
355030,2017,2
355040,2017,0
355070,2017,0
355120,2017,0
355160,2017,0
355180,2017,0
355210,2017,0
355240,2017,1
355330,2017,0
355395,2017,0
355400,2017,0
355410,2017,1
355450,2017,0
355510,2017,0
355540,2017,1
355620,2017,1
355670,2017,0
355720,2017,0
410050,2017,0
410110,2017,0
410120,2017,0
410290,2017,0
410310,2017,0
410345,2017,0
410370,2017,0
410450,2017,0
410470,2017,0
410480,2017,0
410550,2017,0
410690,2017,1
410715,2017,0
410753,2017,0
410830,2017,0
410950,2017,0
410960,2017,0
411100,2017,0
411180,2017,0
411240,2017,2
411340,2017,0
411370,2017,0
411480,2017,0
411560,2017,0
411570,2017,0
411580,2017,0
411620,2017,0
411750,2017,1
411820,2017,2
411845,2017,0
411990,2017,0
412090,2017,1
412180,2017,0
412470,2017,0
412550,2017,0
412680,2017,0
412760,2017,0
412810,2017,0
412855,2017,0
420110,2017,0
420120,2017,0
420125,2017,2
420130,2017,0
420140,2017,1
420170,2017,0
420200,2017,0
420220,2017,0
420230,2017,0
420240,2017,1
420245,2017,0
420270,2017,0
420280,2017,0
420290,2017,1
420370,2017,0
420425,2017,0
420450,2017,1
420460,2017,0
420540,2017,0
420580,2017,0
420590,2017,0
420610,2017,0
420630,2017,1
420650,2017,3
420690,2017,0
420710,2017,0
420720,2017,0
420730,2017,0
420750,2017,1
420820,2017,2
420830,2017,0
420845,2017,0
420890,2017,1
420910,2017,1
420990,2017,0
421000,2017,0
421055,2017,0
421060,2017,5
421150,2017,0
421160,2017,0
421170,2017,0
421190,2017,0
421250,2017,0
421280,2017,0
421320,2017,0
421380,2017,0
421470,2017,0
421510,2017,0
421590,2017,0
421620,2017,1
421700,2017,0
421725,2017,0
421740,2017,3
421820,2017,0
421835,2017,0
421840,2017,0
421890,2017,0
421900,2017,0
421940,2017,0
422000,2017,0
430045,2017,1
430440,2017,0
430520,2017,0
431055,2017,1
431162,2017,0
431510,2017,0
431640,2017,0
431720,2017,0
431725,2017,0
431790,2017,0
432149,2017,0
500270,2017,0
500330,2017,0
510558,2017,0
510625,2017,0
510760,2017,0
520320,2017,0
520815,2017,0
520870,2017,0
520920,2017,1
520945,2017,0
521190,2017,0
522190,2017,0
522200,2017,0
530010,2017,0
110020,2018,0
110028,2018,0
110034,2018,0
230140,2018,0
230510,2018,2
230980,2018,0
290110,2018,0
290210,2018,1
290290,2018,0
292070,2018,0
292575,2018,0
292940,2018,0
310050,2018,0
310110,2018,0
310160,2018,0
310220,2018,0
310300,2018,0
310500,2018,0
310540,2018,0
310620,2018,0
310640,2018,0
310670,2018,2
310780,2018,0
310800,2018,0
310870,2018,0
310880,2018,1
310925,2018,0
311000,2018,0
311030,2018,0
311205,2018,0
311250,2018,0
311330,2018,0
311340,2018,3
311535,2018,0
311545,2018,0
311620,2018,1
311680,2018,1
311780,2018,0
311787,2018,0
311790,2018,0
311860,2018,1
311940,2018,0
311950,2018,1
311960,2018,0
311995,2018,0
312090,2018,0
312160,2018,0
312200,2018,0
312230,2018,6
312250,2018,0
312320,2018,0
312340,2018,0
312410,2018,0
312470,2018,0
312530,2018,0
312550,2018,0
312590,2018,1
312600,2018,0
312738,2018,0
312770,2018,0
312840,2018,0
312930,2018,0
312950,2018,1
312980,2018,1
313020,2018,0
313030,2018,0
313055,2018,0
313090,2018,0
313110,2018,0
313115,2018,0
313120,2018,0
313130,2018,1
313170,2018,3
313190,2018,0
313250,2018,0
313380,2018,4
313460,2018,0
313500,2018,1
313530,2018,0
313580,2018,0
313660,2018,0
313670,2018,5
313760,2018,0
313770,2018,0
313940,2018,0
314000,2018,0
314060,2018,0
314070,2018,0
314080,2018,0
314090,2018,0
314110,2018,0
314210,2018,2
314240,2018,0
314280,2018,0
314320,2018,0
314340,2018,1
314380,2018,0
314400,2018,0
314430,2018,0
314520,2018,0
314530,2018,0
314560,2018,0
314590,2018,1
314650,2018,0
314700,2018,0
314710,2018,1
314800,2018,0
314810,2018,0
314930,2018,0
315000,2018,0
315140,2018,1
315180,2018,0
315200,2018,0
315370,2018,0
315390,2018,0
315400,2018,0
315420,2018,0
315430,2018,0
315460,2018,1
315490,2018,0
315540,2018,1
315670,2018,0
315720,2018,0
315730,2018,0
315740,2018,3
315780,2018,0
315890,2018,1
315895,2018,2
316190,2018,0
316210,2018,1
316295,2018,0
316340,2018,0
316590,2018,0
316710,2018,0
316720,2018,0
316750,2018,0
316870,2018,0
316920,2018,3
316930,2018,0
316970,2018,1
316990,2018,1
317010,2018,0
317120,2018,1
317130,2018,0
317160,2018,1
320010,2018,0
320060,2018,0
320080,2018,0
320090,2018,0
320140,2018,0
320150,2018,0
320170,2018,0
320316,2018,0
320320,2018,0
320400,2018,0
320420,2018,0
320455,2018,0
320470,2018,0
320480,2018,1
320490,2018,0
320495,2018,0
320500,2018,0
320517,2018,0
330010,2018,0
330030,2018,0
330040,2018,1
330050,2018,0
330060,2018,0
330095,2018,0
330100,2018,0
330200,2018,0
330205,2018,0
330220,2018,2
330227,2018,0
330250,2018,0
330260,2018,0
330310,2018,0
330330,2018,0
330340,2018,0
330350,2018,0
330370,2018,1
330380,2018,1
330385,2018,0
330390,2018,0
330395,2018,0
330400,2018,1
330410,2018,1
330420,2018,0
330450,2018,0
330455,2018,0
330510,2018,0
330515,2018,0
330520,2018,0
330540,2018,0
330600,2018,1
330610,2018,0
330615,2018,0
330620,2018,0
330630,2018,0
350050,2018,0
350100,2018,0
350160,2018,11
350190,2018,1
350330,2018,2
350400,2018,0
350410,2018,0
350450,2018,0
350540,2018,0
350630,2018,0
350635,2018,1
350700,2018,0
350760,2018,0
350840,2018,0
350920,2018,0
350925,2018,0
350950,2018,6
351000,2018,0
351040,2018,0
351050,2018,0
351150,2018,0
351220,2018,0
351240,2018,1
351280,2018,1
351340,2018,0
351380,2018,0
351470,2018,0
351480,2018,1
351515,2018,0
351518,2018,0
351540,2018,0
351610,2018,0
351740,2018,0
351830,2018,0
351880,2018,0
351905,2018,0
351907,2018,0
351950,2018,0
351970,2018,0
351990,2018,0
352030,2018,0
352050,2018,0
352090,2018,0
352120,2018,0
352140,2018,0
352170,2018,1
352190,2018,0
352260,2018,1
352270,2018,0
352330,2018,0
352340,2018,1
352390,2018,1
352420,2018,0
352440,2018,0
352470,2018,2
352520,2018,0
352530,2018,0
352590,2018,1
352610,2018,0
352640,2018,0
352670,2018,0
352680,2018,0
352690,2018,6
352700,2018,1
352720,2018,0
352730,2018,1
352840,2018,0
352850,2018,0
352860,2018,0
352880,2018,5
352990,2018,0
353050,2018,0
353060,2018,0
353070,2018,1
353080,2018,1
353120,2018,0
353340,2018,0
353370,2018,0
353460,2018,0
353470,2018,0
353550,2018,0
353560,2018,0
353610,2018,0
353650,2018,0
353710,2018,7
353720,2018,0
353800,2018,1
353870,2018,4
353880,2018,0
353910,2018,0
353970,2018,0
354000,2018,0
354060,2018,1
354210,2018,0
354220,2018,0
354320,2018,0
354330,2018,0
354340,2018,0
354390,2018,0
354400,2018,0
354410,2018,0
354520,2018,1
354540,2018,0
354580,2018,2
354600,2018,0
354620,2018,0
354640,2018,0
354670,2018,0
354780,2018,1
354800,2018,0
354870,2018,1
354900,2018,0
354990,2018,6
355030,2018,1
355040,2018,1
355070,2018,0
355120,2018,0
355160,2018,0
355180,2018,0
355210,2018,0
355240,2018,0
355330,2018,0
355395,2018,0
355400,2018,0
355410,2018,0
355450,2018,0
355510,2018,0
355540,2018,3
355620,2018,1
355670,2018,0
355720,2018,1
410050,2018,0
410110,2018,0
410120,2018,0
410290,2018,0
410310,2018,0
410345,2018,0
410370,2018,0
410450,2018,0
410470,2018,0
410480,2018,0
410550,2018,0
410690,2018,0
410715,2018,0
410753,2018,0
410830,2018,0
410950,2018,0
410960,2018,1
411100,2018,0
411180,2018,0
411240,2018,0
411340,2018,0
411370,2018,0
411480,2018,0
411560,2018,0
411570,2018,0
411580,2018,0
411620,2018,0
411750,2018,0
411820,2018,0
411845,2018,0
411990,2018,0
412090,2018,0
412180,2018,0
412470,2018,0
412550,2018,1
412680,2018,1
412760,2018,0
412810,2018,1
412855,2018,1
420110,2018,0
420120,2018,0
420125,2018,0
420130,2018,0
420140,2018,0
420170,2018,0
420200,2018,0
420220,2018,1
420230,2018,1
420240,2018,4
420245,2018,0
420270,2018,0
420280,2018,0
420290,2018,2
420370,2018,0
420425,2018,0
420450,2018,0
420460,2018,0
420540,2018,0
420580,2018,0
420590,2018,2
420610,2018,1
420630,2018,3
420650,2018,3
420690,2018,0
420710,2018,0
420720,2018,0
420730,2018,0
420750,2018,2
420820,2018,2
420830,2018,0
420845,2018,0
420890,2018,1
420910,2018,1
420990,2018,0
421000,2018,0
421055,2018,0
421060,2018,5
421150,2018,0
421160,2018,1
421170,2018,1
421190,2018,1
421250,2018,0
421280,2018,0
421320,2018,0
421380,2018,0
421470,2018,0
421510,2018,0
421590,2018,0
421620,2018,1
421700,2018,0
421725,2018,1
421740,2018,2
421820,2018,2
421835,2018,0
421840,2018,0
421890,2018,0
421900,2018,2
421940,2018,0
422000,2018,0
430045,2018,0
430440,2018,0
430520,2018,0
431055,2018,0
431162,2018,0
431510,2018,0
431640,2018,0
431720,2018,0
431725,2018,0
431790,2018,1
432149,2018,0
500270,2018,0
500330,2018,0
510558,2018,0
510625,2018,0
510760,2018,0
520320,2018,0
520815,2018,0
520870,2018,0
520920,2018,0
520945,2018,0
521190,2018,0
522190,2018,0
522200,2018,0
530010,2018,0
110020,2019,0
110028,2019,0
110034,2019,0
230140,2019,0
230510,2019,1
230980,2019,1
290110,2019,0
290210,2019,0
290290,2019,0
292070,2019,2
292575,2019,0
292940,2019,0
310050,2019,0
310110,2019,0
310160,2019,0
310220,2019,0
310300,2019,0
310500,2019,1
310540,2019,0
310620,2019,2
310640,2019,1
310670,2019,1
310780,2019,0
310800,2019,0
310870,2019,0
310880,2019,0
310925,2019,0
311000,2019,1
311030,2019,0
311205,2019,0
311250,2019,0
311330,2019,1
311340,2019,3
311535,2019,0
311545,2019,0
311620,2019,0
311680,2019,0
311780,2019,0
311787,2019,0
311790,2019,1
311860,2019,11
311940,2019,0
311950,2019,0
311960,2019,0
311995,2019,1
312090,2019,1
312160,2019,0
312200,2019,0
312230,2019,1
312250,2019,0
312320,2019,0
312340,2019,0
312410,2019,0
312470,2019,1
312530,2019,2
312550,2019,0
312590,2019,0
312600,2019,0
312738,2019,0
312770,2019,0
312840,2019,0
312930,2019,0
312950,2019,0
312980,2019,0
313020,2019,1
313030,2019,0
313055,2019,0
313090,2019,0
313110,2019,0
313115,2019,0
313120,2019,1
313130,2019,1
313170,2019,1
313190,2019,0
313250,2019,0
313380,2019,0
313460,2019,3
313500,2019,0
313530,2019,1
313580,2019,0
313660,2019,0
313670,2019,0
313760,2019,0
313770,2019,0
313940,2019,0
314000,2019,1
314060,2019,0
314070,2019,0
314080,2019,0
314090,2019,0
314110,2019,0
314210,2019,0
314240,2019,0
314280,2019,0
314320,2019,1
314340,2019,0
314380,2019,0
314400,2019,1
314430,2019,0
314520,2019,0
314530,2019,0
314560,2019,0
314590,2019,0
314650,2019,0
314700,2019,0
314710,2019,0
314800,2019,0
314810,2019,0
314930,2019,0
315000,2019,0
315140,2019,0
315180,2019,0
315200,2019,0
315370,2019,0
315390,2019,1
315400,2019,4
315420,2019,0
315430,2019,0
315460,2019,4
315490,2019,0
315540,2019,0
315670,2019,3
315720,2019,0
315730,2019,1
315740,2019,0
315780,2019,0
315890,2019,0
315895,2019,0
316190,2019,0
316210,2019,0
316295,2019,1
316340,2019,0
316590,2019,0
316710,2019,0
316720,2019,1
316750,2019,0
316870,2019,1
316920,2019,1
316930,2019,0
316970,2019,0
316990,2019,0
317010,2019,0
317120,2019,1
317130,2019,0
317160,2019,0
320010,2019,1
320060,2019,0
320080,2019,0
320090,2019,2
320140,2019,0
320150,2019,0
320170,2019,0
320316,2019,0
320320,2019,0
320400,2019,0
320420,2019,0
320455,2019,0
320470,2019,0
320480,2019,0
320490,2019,0
320495,2019,0
320500,2019,2
320517,2019,0
330010,2019,0
330030,2019,1
330040,2019,1
330050,2019,0
330060,2019,0
330095,2019,0
330100,2019,0
330200,2019,0
330205,2019,0
330220,2019,5
330227,2019,0
330250,2019,0
330260,2019,0
330310,2019,4
330330,2019,0
330340,2019,0
330350,2019,0
330370,2019,1
330380,2019,1
330385,2019,1
330390,2019,0
330395,2019,1
330400,2019,0
330410,2019,1
330420,2019,2
330450,2019,0
330455,2019,0
330510,2019,0
330515,2019,0
330520,2019,0
330540,2019,0
330600,2019,2
330610,2019,3
330615,2019,0
330620,2019,1
330630,2019,1
350050,2019,0
350100,2019,0
350160,2019,1
350190,2019,1
350330,2019,1
350400,2019,0
350410,2019,0
350450,2019,0
350540,2019,0
350630,2019,0
350635,2019,0
350700,2019,0
350760,2019,0
350840,2019,0
350920,2019,0
350925,2019,0
350950,2019,13
351000,2019,0
351040,2019,0
351050,2019,0
351150,2019,0
351220,2019,0
351240,2019,0
351280,2019,0
351340,2019,0
351380,2019,0
351470,2019,0
351480,2019,0
351515,2019,0
351518,2019,0
351540,2019,0
351610,2019,1
351740,2019,0
351830,2019,0
351880,2019,0
351905,2019,0
351907,2019,0
351950,2019,0
351970,2019,2
351990,2019,0
352030,2019,1
352050,2019,1
352090,2019,3
352120,2019,0
352140,2019,2
352170,2019,0
352190,2019,0
352260,2019,0
352270,2019,0
352330,2019,0
352340,2019,0
352390,2019,0
352420,2019,0
352440,2019,0
352470,2019,0
352520,2019,0
352530,2019,0
352590,2019,2
352610,2019,0
352640,2019,0
352670,2019,0
352680,2019,0
352690,2019,1
352700,2019,0
352720,2019,0
352730,2019,3
352840,2019,0
352850,2019,0
352860,2019,0
352880,2019,2
352990,2019,0
353050,2019,0
353060,2019,0
353070,2019,0
353080,2019,0
353120,2019,0
353340,2019,0
353370,2019,0
353460,2019,0
353470,2019,0
353550,2019,1
353560,2019,0
353610,2019,0
353650,2019,0
353710,2019,0
353720,2019,0
353800,2019,0
353870,2019,9
353880,2019,0
353910,2019,0
353970,2019,0
354000,2019,0
354060,2019,0
354210,2019,1
354220,2019,0
354320,2019,1
354330,2019,0
354340,2019,0
354390,2019,0
354400,2019,0
354410,2019,0
354520,2019,1
354540,2019,0
354580,2019,2
354600,2019,0
354620,2019,0
354640,2019,2
354670,2019,2
354780,2019,0
354800,2019,0
354870,2019,1
354900,2019,0
354990,2019,0
355030,2019,2
355040,2019,0
355070,2019,0
355120,2019,0
355160,2019,0
355180,2019,0
355210,2019,0
355240,2019,0
355330,2019,0
355395,2019,0
355400,2019,0
355410,2019,0
355450,2019,0
355510,2019,0
355540,2019,0
355620,2019,1
355670,2019,0
355720,2019,0
410050,2019,0
410110,2019,0
410120,2019,3
410290,2019,0
410310,2019,0
410345,2019,1
410370,2019,2
410450,2019,1
410470,2019,1
410480,2019,1
410550,2019,0
410690,2019,0
410715,2019,0
410753,2019,0
410830,2019,0
410950,2019,1
410960,2019,3
411100,2019,0
411180,2019,0
411240,2019,0
411340,2019,0
411370,2019,0
411480,2019,0
411560,2019,1
411570,2019,0
411580,2019,0
411620,2019,2
411750,2019,0
411820,2019,1
411845,2019,0
411990,2019,0
412090,2019,0
412180,2019,0
412470,2019,0
412550,2019,0
412680,2019,0
412760,2019,0
412810,2019,0
412855,2019,0
420110,2019,1
420120,2019,0
420125,2019,0
420130,2019,0
420140,2019,0
420170,2019,2
420200,2019,1
420220,2019,1
420230,2019,0
420240,2019,6
420245,2019,0
420270,2019,1
420280,2019,0
420290,2019,2
420370,2019,0
420425,2019,0
420450,2019,0
420460,2019,0
420540,2019,0
420580,2019,1
420590,2019,1
420610,2019,0
420630,2019,0
420650,2019,3
420690,2019,0
420710,2019,0
420720,2019,0
420730,2019,0
420750,2019,1
420820,2019,2
420830,2019,0
420845,2019,0
420890,2019,2
420910,2019,2
420990,2019,0
421000,2019,1
421055,2019,0
421060,2019,0
421150,2019,2
421160,2019,0
421170,2019,0
421190,2019,1
421250,2019,1
421280,2019,0
421320,2019,0
421380,2019,0
421470,2019,0
421510,2019,1
421590,2019,0
421620,2019,1
421700,2019,0
421725,2019,1
421740,2019,1
421820,2019,0
421835,2019,0
421840,2019,0
421890,2019,0
421900,2019,0
421940,2019,0
422000,2019,0
430045,2019,0
430440,2019,1
430520,2019,0
431055,2019,0
431162,2019,0
431510,2019,0
431640,2019,0
431720,2019,0
431725,2019,1
431790,2019,0
432149,2019,0
500270,2019,0
500330,2019,0
510558,2019,0
510625,2019,0
510760,2019,0
520320,2019,0
520815,2019,0
520870,2019,0
520920,2019,0
520945,2019,1
521190,2019,0
522190,2019,0
522200,2019,0
530010,2019,1
