CD_NUM,X,Y
240120,2715580.488,2752343.442
240140,2728901.486,2722939.508
240220,2718400.118,2729157.521
240260,2706026.005,2821256.865
240325,2718256.037,2783377.221
240350,2703102.428,2741775.08
240360,2718277.776,2809632.223
240420,2713258.676,2742110.594
240615,2700100.715,2747832.714
240750,2713050.212,2836271.94
240770,2700968.026,2719638.284
240780,2695912.456,2766278.731
240810,2720405.499,2795533.986
240820,2721893.426,2766940.448
240895,2709420.358,2845213.37
240980,2708880.761,2722812.531
241200,2705884.526,2799660.318
241220,2709104.417,2768028.642
241320,2725650.788,2754715.293
241420,2726468.003,2745128.024
241440,2688425.789,2859438.135
241500,2726737.773,2738187.695
250060,2724178.869,2620321.721
250140,2730794.382,2696825.439
250180,2729403.134,2644030.911
250300,2723179.924,2604818.042
250320,2739344.633,2654144.725
250403,2707006.408,2673903.541
250460,2733235.114,2626356.461
250490,2709588.727,2645377.633
250523,2697898.252,2674817.142
250690,2678845.913,2627855.607
250710,2699094.222,2685458.667
250730,2701773.884,2709246.684
250750,2734432.397,2639367.091
250790,2693873.959,2624633.394
250860,2734370.002,2667301.121
250890,2711666.072,2693489.864
250905,2727425.023,2687846.33
250910,2689699.224,2661281.324
250930,2726784.409,2709560.647
250990,2652555.985,2608144.088
251120,2709198.088,2624230.143
251150,2689545.319,2633971.726
251190,2732516.366,2609594.554
251290,2723222.552,2682962.689
251310,2665870.78,2622464.181
251370,2722160.594,2652536.495
251500,2697563.269,2636981.989
251530,2701114.56,2657378.433
251700,2631579.166,2597855.128
260005,2705169.085,2563203.125
260030,2595500.491,2515496.185
260040,2640122.284,2477212.181
260070,2691574.463,2596930.717
260080,2578454.922,2514359.534
260090,2648479.427,2517347.706
260100,2552390.656,2472813.312
260105,2700644.239,2573778.383
260120,2483236.253,2541352.785
260130,2629508.511,2514386.65
260140,2662283.982,2463204.921
260150,2606715.71,2496788.727
260190,2617219.657,2539149.466
260210,2503544.195,2444966.9
260220,2645728.668,2583536.743
260230,2620134.353,2507162.549
260240,2523027.86,2462006.102
260270,2672535.032,2584704.346
260290,2690843.208,2521271.767
260345,2705699.967,2550939.329
260350,2615936.738,2524344.206
260360,2683226.474,2617442.33
260370,2563014.946,2470934.479
260400,2675489.356,2574956.675
260410,2592751.728,2547342.501
260415,2631996.7,2589217.082
260420,2614497.297,2487503.489
260440,2681192.27,2553569.628
260450,2650020.723,2532512.57
260460,2701835.133,2595942.121
260470,2541870.77,2449014.506
260480,2640330.115,2510931.718
260500,2594735.095,2501226.67
260520,2669886.933,2513295.87
260540,2664765.959,2561559.385
260550,2688292.653,2611555.275
260590,2651721.886,2488629.288
260600,2527791.441,2472395.25
260610,2668507.105,2554147.87
260620,2718613.713,2593082.949
260640,2640966.731,2537420.304
260680,2712629.135,2569023.778
260720,2687431.382,2502711.745
260760,2725071.922,2573529.721
260765,2700686.286,2612743.312
260775,2719713.001,2576062.548
260780,2707286.488,2584809.711
260790,2701841.431,2532768.411
260795,2605071.906,2481300.238
260810,2643978.08,2575395.844
260820,2636394.868,2496837.07
260840,2569094.557,2485676.285
260845,2671580.227,2571837.962
260850,2675044.607,2564831.2
260860,2527564.666,2445845.377
260870,2596789.746,2489577.993
260890,2659734.761,2574330.945
260900,2665271.468,2609756.096
260910,2656712.752,2591217.247
260920,2608363.817,2470405.182
260940,2686680.013,2536210.912
260950,2684803.831,2582766.278
260960,2719461.542,2547920.323
260970,2646089.759,2592657.629
261000,2625574.671,2487879.522
261010,2550167.442,2459490.049
261020,2580691.343,2494121.135
261050,2646194.47,2557824.395
261060,2690109.529,2562758.824
261070,2718837.196,2555409.463
261130,2660176.622,2536295.851
261140,2657145.852,2520264.358
261150,2579843.999,2474772.952
261160,2711453.11,2544000.226
261180,2656530.664,2500136.988
261190,2669257.479,2478606.129
261200,2626161.208,2528068.68
261230,2501336.941,2469386.748
261290,2593338.13,2475668.287
261310,2576059.672,2533137.401
261320,2541834.706,2475801.286
261330,2606366.914,2513932.079
261340,2669279.376,2456880.509
261370,2693446.257,2548845.973
261380,2659604.41,2601859.494
261420,2676068.796,2489243.446
261485,2666694.853,2470968.968
261510,2511379.959,2458027.651
261530,2676840.084,2607077.81
261550,2692131.022,2578983.098
261630,2672885.128,2593545.82
261640,2671507.031,2538064.085
261650,2619893.462,2468311.892
270020,2534911.848,2387482.062
270030,2498645.451,2383290.271
270040,2563306.567,2401069.982
270050,2619466.378,2406059.679
270060,2571159.924,2364624.693
270080,2517832.554,2402232.279
270100,2549165.13,2384547.686
270110,2571560.112,2431942.942
270130,2555957.444,2414977.14
270135,2630888.316,2459982.563
270140,2535480.607,2370016.192
270170,2563913.917,2419126.665
270190,2545686.224,2433838.661
270210,2606610.308,2458410.472
270220,2588848.45,2381251.05
270230,2536298.63,2339246.83
270255,2491071.152,2425129.936
270260,2493894.475,2368009.925
270270,2521612.019,2318544.039
270280,2600749.89,2424731.965
270300,2591876.094,2459373.411
270320,2494082.57,2339314.244
270350,2641021.068,2459456.542
270360,2653248.438,2434651.283
270375,2553267.196,2354988.768
270380,2602179.474,2443429.682
270390,2630046.86,2452270.095
270400,2518020.44,2367998.67
270420,2517328.509,2382306.152
270430,2601340.021,2392945.554
270450,2658741.316,2448775.47
270470,2576836.426,2374824.645
270480,2538640.458,2398744.368
270490,2528730.296,2410186.43
270510,2622687.031,2437238.9
270520,2593828.842,2414598.332
270550,2582904.26,2422379.96
270560,2620191.386,2453794.655
270630,2508144.621,2419646.294
270644,2615409.808,2400595.804
270650,2628629.694,2418961.59
270660,2529733.525,2420909.726
270670,2507052.007,2326791.82
270680,2512834.065,2308045.475
270690,2568542.499,2387590.814
270700,2541164.433,2407871.976
270730,2640594.245,2443279.878
270740,2640588.326,2429850.721
270750,2482126.253,2343433.037
270760,2525521.212,2430061.365
270770,2585846.852,2400287.622
270780,2566585.345,2358906.461
270790,2587145.575,2384979.228
270810,2557282.083,2444723.056
270820,2469022.851,2346756.654
270830,2575949.215,2458125.909
270850,2614464.582,2421985.897
270860,2555539.08,2371647.221
270870,2638988.571,2420155.377
270880,2504533.066,2357878.334
270890,2586101.815,2389028.818
270900,2525145.046,2401053.924
270910,2516283.051,2394789.378
270915,2523456.818,2354758.869
270930,2576312.022,2442898.583
270940,2545405.629,2420539.557
280020,2445004.188,2333007.617
280030,2429217.749,2251290.911
280040,2372389.622,2229043.435
280050,2407823.325,2278300.219
280060,2444887.319,2265326.862
280067,2374252.384,2245086.491
280070,2503623.974,2299128.683
280100,2390332.917,2283324.23
280110,2453636.801,2344563.156
280130,2444384.98,2309274.132
280150,2448442.61,2286190.185
280160,2462355.542,2329699.902
280170,2353922.565,2206544.093
280190,2429587.521,2325323.748
280200,2428150.404,2287992.445
280210,2393002.817,2227438.89
280220,2416538.611,2334836.594
280250,2447425.732,2283084.3
280260,2429294.444,2339778.204
280270,2495415.472,2302781.633
280280,2375445.707,2204086.096
280290,2400028.039,2291130.779
280300,2352779.957,2232375.288
280310,2439209.561,2351632.326
280320,2404625.801,2247727.034
280330,2457015.324,2297648.536
280340,2471106.166,2308913.402
280350,2370786.432,2270588.731
280360,2422842.956,2274036.248
280370,2381966.871,2296763.438
280380,2456492.289,2323412.209
280390,2414363.785,2290427.311
280400,2432639.85,2281055.13
280410,2410151.988,2300157.641
280430,2454007.17,2317511.618
280440,2486181.439,2316639.442
280445,2396733.394,2329164.464
280460,2422866.16,2312794.963
280480,2426111.169,2266732.677
280490,2484628.266,2297291.075
280510,2366410.479,2236595.936
280530,2465612.676,2284776.681
280570,2472886.618,2330547.84
280580,2354271.891,2257967.389
280590,2419976.892,2282954.382
280600,2402269.176,2311614.593
280610,2440818.063,2285307.514
280620,2387468.698,2249736.024
280630,2379772.975,2216513.026
280640,2489754.574,2323117.311
280650,2420512.697,2294182.064
280660,2444826.656,2274229.1
280670,2416547.541,2256889.5
280680,2382250.711,2282690.263
280690,2464581.745,2321479.662
280700,2410991.068,2322291.321
280720,2433185.101,2298808.799
280730,2464640.312,2337752.107
280750,2340848.649,2221357.911
280760,2362692.24,2214677.399
290030,2322849.648,2190278.222
290040,2245842.425,2182954.693
290060,2088761.907,1942743.35
290070,2273442.931,2145644.817
290080,2084597.792,1550411.422
290090,2101755.76,1870369.708
290100,2131179.801,2058522.434
290110,2235239.559,2115593.002
290120,1973494.004,1900063.126
290150,2189663.163,2149410.498
290170,2191367.458,2126507.099
290190,2301470.258,2185524.095
290195,2106259.267,1971850.283
290205,2292290.2,2136033.124
290210,2218309.913,2256981.865
290220,2261611.361,2154525.89
290225,2119180.691,1805072.867
290230,2188376.407,2045617.726
290240,2126108.209,1906384.268
290290,2004388.1,1858662.4
290310,2118824.931,1937461.926
290330,2123129.248,1858811.2
290340,2132273.842,1722752.87
290350,1939244.803,1857023.783
290370,2048709.407,1916968.611
290430,2107316.192,2057751.869
290470,2137643.137,1831212.494
290480,2025443.083,1846332.282
290485,2183741.068,2106301.927
290490,2214504.12,2092511.623
290540,2190622.158,1996507.666
290560,2105160.367,1783615.165
290570,2284874.08,2080242.637
290580,2163951.603,1941687.339
290630,2143744.87,1754213.283
290640,2194753.07,2184590.057
290650,2256048.549,2082957.28
290670,1927437.266,1817128.961
290690,2053555.411,1532603.846
290700,2323077.668,2146512.064
290730,2163256.318,2089828.415
290750,2268801.561,2121254.371
290800,2110111.523,1877293.986
290820,2204773.782,2110228.469
290830,2173587.405,2073609.144
290850,2234317.056,2125403.704
290860,2353948.716,2166753.071
290890,2232059.572,2140301.845
290950,2108899.622,2017281.997
290980,2189651.01,2091789.841
291000,2072963.961,1908579.283
291005,2278005.142,2088708.993
291020,2180218.031,2066640.324
291030,2143209.936,2069120.814
291040,1951580.433,1786248.422
291050,2311239.685,2145879.3
291060,2330471.469,2158303.674
291072,2083001.693,1687191.392
291080,2206109.416,2145962.069
291090,2072866.162,1847617.342
291100,2094114.149,1855091.729
291120,2134544.124,1971644.644
291150,2116696.627,1917116.98
291160,2195966.605,2102405.864
291180,2045452.072,1662589.372
291210,2109299.207,1852233.989
291230,2082159.22,1879897.291
291270,2135178.841,1940072.709
291280,2019716.722,1527166.358
291290,2116827.305,1952378.258
291345,2161911.232,1958364.792
291350,2061517.06,1883743.093
291360,2149433.506,1857883.728
291370,2278265.412,2180409.992
291380,2173703.397,2137281.678
291390,2105256.262,1944807.802
291420,2084030.091,2042922.92
291450,2237732.249,2158411.785
291465,2082893.83,1644765.174
291480,2135483.859,1848323.604
291490,2159105.699,1901855.252
291510,2072837.264,1936709.056
291520,2091513.226,1923759.263
291530,2072728.859,1712150.86
291540,2087953.644,1820342.851
291550,2124733.993,1870699.165
291560,2055957.28,1608059.015
291570,2115820.052,1976744.616
291580,2012978.072,1829100.533
291590,2307698.623,2117377.887
291600,1992377.058,1604035.796
291610,2234515.431,2061351.962
291620,2115105.024,1839184.803
291630,2084195.739,1732047.727
291640,2052295.597,1807567.82
291650,2310227.403,2246268.108
291660,2109812.981,1895761.57
291670,2096699.237,2016040.354
291680,2047120.905,1761960.699
291685,2124918.144,2097205.569
291690,2069720.88,2015145.143
291710,2061248.915,1835466.467
291730,2169252.239,1971425.887
291760,2089034.245,2004933.422
291780,2196411.956,2040258.196
291790,2366418.178,2191291.455
291800,2064593.125,1970733.614
291820,2131151.024,2025773.711
291830,2092261.983,1957767.314
291845,2024497.16,1631287.224
291855,2112056.886,1818435.077
291870,2052964.522,1999554.484
291880,2158315.958,2040259.342
291890,1992629.229,1552165.075
291905,2056734.71,2020018.351
291920,2269060.274,2059723.346
291970,2013495.552,1784030.763
291992,2238216.213,2078270.584
292000,2025042.795,1767623.147
292040,2020512.802,1956442.348
292050,2027905.952,2019734.214
292060,2206146.887,2073341.793
292070,2163113.521,1925218.022
292090,2111729.883,1756935.573
292100,2293839.486,2099942.257
292110,1998045.191,1574595.614
292130,2115514.249,2076892.139
292200,2029488.413,1488904.733
292220,2187773.056,2055187.786
292230,2193909.737,2098264.621
292240,2139442.039,2026105.205
292250,2199648.267,2059167.812
292260,2168470.645,1981849.776
292270,2046365.364,1859634.98
292275,2123631.634,1968929.262
292280,2088642.594,2063571.902
292300,2047169.059,1505176.927
292330,2248811.854,2161112.645
292390,2087242.415,1783262.894
292410,2248259.052,2147347.127
292467,2145227.334,1968246.519
292470,1886579.953,1862875.51
292490,2058623.265,2051372.317
292500,2020120.113,1880336.331
292510,2030367.454,1898955.013
292520,2284986.578,2115329.62
292530,2111054.073,1645335.464
292540,2075636.345,1760065.277
292550,2095758.089,1588466.005
292575,2146541.15,2009264.844
292593,2104604.371,2251749.192
292595,2145251.927,2121428.568
292630,2171439.869,2195857.893
292665,1989592.789,1800895.858
292700,2333958.829,2201927.917
292730,2223786.238,2063599.152
292740,2249398.084,2061395.402
292750,2215518.707,2173846.6
292770,2125224.325,1689515.178
292780,2083365.939,1850754.141
292790,2104343.297,2033983.324
292805,2133057.308,1779342.699
292850,2141573.635,2092495.415
292860,2228412.8,2100343.551
292870,2173239.427,2056530.205
292880,2177254.229,2118254.871
292900,2202164.019,2090970.115
292910,2189521.586,2073088.044
292920,2240785.935,2088322.815
292930,2212250.761,2119290.128
292935,2127809.62,1823621.064
292940,2152076.598,2054146.451
292950,2256876.703,2101446.106
292960,2179087.423,2088309.913
292970,2262475.084,2209415.642
292975,2224490.127,2076260.2
293040,2171594.555,2161979.487
293070,2262979.802,2071665.477
293110,2203498.196,2173345.896
293120,2164278.628,1992522.723
293135,2047324.485,1560736.398
293140,2248705.163,2131417.836
293160,2136636.171,1998452.701
293170,2247967.804,2116642.146
293180,1910955.531,1854144.525
293210,2122070.734,2032610.685
293220,2133393.103,1916353.818
293230,2125736.931,1937225.694
293250,2146233.291,1804152.321
293270,2148913.851,1884093.348
293290,2171319.091,2017617.276
293317,2156872.487,2064752.202
293320,2228308.003,2048960.832
293325,2033456.449,1590013.994
293330,1968752.052,1850560.89
293350,2122883.674,1991750.204
310030,1741383.859,1265838.774
310040,1674698.439,1258623.293
310050,1756988.549,1406848.24
310060,1788292.059,1522955.219
310070,1185732.85,1351378.943
310080,1439053.423,1216032.184
310090,1933301.261,1620217.408
310100,1897036.927,1782799.176
310110,1871972.034,1325995.311
310120,1503671.33,1094781.788
310130,1499665.204,1067990.979
310140,1309140.386,1084723.072
310150,1690813.674,1089574.593
310160,1381017.333,1172988.953
310163,1605117.599,1179696.861
310170,1972516.292,1725924.647
310180,1800938.638,1409722.918
310190,1346331.194,1238057.007
310200,1364370.508,1193646.677
310205,1795834.62,1237680.894
310210,1636773.537,1188346.988
310220,1827098.759,1355542.011
310230,1673360.121,1292488.973
310240,1669060.123,1448784.85
310250,1702241.304,1240477.187
310260,1316158.691,1098473.298
310270,1895433.407,1749841.263
310280,1543163.941,1115992.157
310285,1791991.19,1560315.387
310290,1596446.405,1148817.448
310300,1707817.26,1352349.985
310310,1759810.534,1175840.367
310330,1632731.591,1151927.08
310340,1831760.634,1645618.639
310350,1184918.757,1517869.943
310360,1545403.01,1097231.184
310370,1730602.3,1221442.287
310375,1094868.05,1536223.227
310400,1299813.413,1385012.478
310410,1285546.869,1184967.319
310420,1434650.835,1299958.107
310430,1364091.911,1178370.231
310440,1684925.557,1112667.751
310445,1757133.012,1543633.397
310460,1684563.36,1150216.743
310470,1899234.708,1493595.235
310490,1485908.304,1089285.049
310500,1613524.933,1398302.135
310520,1990204.748,1748470.265
310530,1336422.665,1137812.93
310540,1642213.917,1321697.85
310550,1744109.145,1149281.356
310560,1595069.277,1167599.745
310570,1679765.622,1272597.557
310590,1580490.183,1177160.704
310600,1682059.821,1328235.881
310610,1618294.977,1079004.502
310620,1596039.507,1325390.289
310630,1754241.676,1382991.344
310640,1579741.54,1266046.45
310660,1974688.329,1622763.203
310665,1872478.798,1785676.41
310670,1571783.057,1322712.633
310680,1593060.93,1124086.35
310690,1657072.839,1104531.188
310710,1418629.239,1209241.218
310720,1516651.29,1062844.307
310750,1554536.797,1090045.117
310760,1329665,1221516.501
310770,1647078.187,1341513.427
310780,1757596.871,1326106.142
310790,1348381.56,1052235.285
310800,1501197.018,1203744.528
310810,1565712.171,1279607.225
310830,1353568.034,1073924.961
310840,1333957.718,1148304.625
310870,1656123.178,1205027.689
310880,1730860.541,1413014.748
310890,1402027.92,1041916.996
310900,1576558.991,1295268.728
310910,1331329.581,1049069.766
310925,1766783.037,1370033.246
310950,1338316.717,1166026.269
310970,1387401.786,1058377.562
310980,1058465.753,1523686.408
311000,1628502.761,1325987.386
311010,1787841.855,1207353.551
311020,1702860.222,1210279.633
311030,1336752.75,1118275.793
311040,1471374.103,1251827.392
311050,1355395.351,1011639.34
311060,1357237.02,1035386.989
311070,1444793.16,1111851.568
311080,1839096.746,1486914.476
311090,1430635.502,1114992.681
311100,1352562.825,1137957.49
311110,1018407.088,1424951.245
311120,1456014.596,1220714.091
311130,1395448.784,1203821.533
311140,1132299.688,1389548.035
311160,1403303.35,1186091.519
311170,1718439.248,1222379.273
311180,1078024.348,1504796.977
311190,1461634.883,1206891.232
311200,1455614.874,1240776.879
311205,1744377.325,1470994.429
311210,1786542.692,1230732.54
311220,1618106.548,1204262.452
311230,1771073.166,1563970.099
311240,1283715.302,1267204.989
311250,1579482.367,1366020.643
311260,1047515.925,1515150.756
311265,1819639.754,1399590.351
311290,1761485.592,1274808.752
311300,1869811.948,1612726.349
311310,1607411.043,1208480.496
311320,1593942.417,1197576.163
311330,1770538.859,1212075.364
311340,1782685.773,1326673.01
311350,1716658.963,1593350.031
311360,1403027.182,1090147.221
311370,1937406.409,1545915.206
311380,1684740.942,1414185.291
311390,1455791.57,1158201.136
311400,1496021.886,1258873.489
311410,1451937.132,1083853.45
311420,1519098.374,1299027.205
311440,1372426.449,1222513.311
311450,1520072.147,1256186.549
311455,914714.69,1400031.518
311460,1512562.399,1147559.79
311470,1390151.067,1127170.483
311480,1518380.72,1085308.372
311490,1586712.967,1217144.662
311510,1295017.776,1279634.048
311520,1528400.757,1187073.866
311530,1704312.556,1144804.14
311535,1648567.511,1299491.278
311540,1631924.271,1231772.521
311545,1875614.114,1588919.311
311550,1474152.645,1095052.657
311570,1876201.694,1425738.548
311580,1090031.277,1518523.018
311590,1647062.39,1110912.061
311600,1822055.383,1284599.998
311610,1786410.054,1625746.322
311620,1660875.374,1072257.756
311630,1642645.32,1200795.338
311640,1266028.981,1302342.835
311660,1509353.271,1276516.164
311670,1699398.217,1203816.566
311680,1728804.418,1504077.325
311700,1863565.23,1716934.921
311710,1358619.764,1209175.52
311720,1425603.493,1079975.677
311730,1158607.107,1358821.85
311740,1821041.971,1298483.512
311750,1653018.587,1432108.865
311760,1506985.049,1348266.034
311770,1461064.42,1105760.25
311780,1388192.341,1048311.772
311787,1597753.388,1355669.171
311790,1365546.856,1086075.258
311800,1598194.394,1253390.904
311810,1636064.099,1442544.993
311820,1232594.593,1361830.069
311830,1603528.293,1235271.253
311840,1854370.355,1381443.156
311850,1373562.349,1039290.486
311860,1583932.106,1328484.55
311870,1437525.299,1193331.498
311900,1406522.33,1124557.547
311920,1781046.836,1454951.488
311940,1727765.337,1362759.23
311950,1817824.339,1686786.069
311960,1640308.856,1121273.936
311970,1558974.375,1198003.44
311990,1364957.714,1028610.405
311995,1434027.312,1277678.024
312000,1747032.898,1317012.809
312010,1670627.554,1529662.295
312015,1931677.055,1597281.747
312020,1427534.764,1236172.555
312040,1597657.516,1216055.46
312050,1438177.158,1071882.325
312060,1550387.815,1271539.145
312080,1491627.801,1122234.351
312083,1889246.483,1395934.607
312087,1869706.471,1765379.38
312090,1560588.107,1455605.193
312100,1644917.927,1487368.755
312110,1434925.555,1036882.711
312125,1213636.703,1357243.475
312130,1674597.539,1135952.84
312140,1556401.46,1244506.845
312150,1623890.416,1176298.13
312160,1654636.837,1542000.822
312170,1665488.884,1250109.594
312180,1723825.91,1318955.926
312190,1677204.99,1189449.272
312200,1763430.031,1226126.273
312210,1855822.912,1434801.339
312220,1748365.579,1439447.86
312230,1497223.204,1309735.815
312235,1911876.409,1779167.272
312240,1352289.521,1160506.928
312245,1958092.084,1765918.269
312250,1788244.003,1364187.379
312260,1677976.306,1430369.21
312270,1693461.046,1287560.013
312280,1452200.61,1067824.494
312290,1692020.258,1147496.712
312300,1578391.168,1187116.303
312310,1709081.984,1412188.699
312320,1443181.324,1389092.433
312330,1660122.612,1187147.863
312340,1400676.527,1299435.846
312352,1807022.529,1272799.133
312360,1414735.688,1143631.443
312370,1798949.664,1393090.845
312385,1769634.053,1334882.872
312390,1572879.027,1233950.041
312400,1718094.881,1201068.87
312410,1563623.256,1348637.963
312420,1787498.931,1222403.65
312440,1372318.788,1101187.644
312450,1364831.35,1049260.419
312460,1719678.514,1100316.42
312470,1416083.823,1379728.324
312490,1752934.411,1177655.837
312500,1614529.861,1127579.47
312510,1334133.761,1009089.833
312520,1395104.119,1162706.854
312530,1774556.823,1202390.996
312540,1690196.114,1521816.713
312550,1678907.479,1529696.425
312560,1963582.28,1663631.223
312580,1791608.341,1397017.102
312590,1705676.645,1390190.041
312595,1745314.921,1217624.257
312600,1548645.428,1334349.733
312610,1434444.074,1265610.315
312630,1307091.182,1238228.223
312650,1799064.098,1644033.723
312675,1819700.149,1523185.037
312680,1863548.555,1500783.915
312690,1821319.51,1461518.613
312695,1738561.879,1515167.747
312700,1077136.371,1333530.809
312705,1949455.92,1635393.908
312707,1789124.784,1744283.998
312710,1094472.99,1354770.144
312730,1849647.057,1415937.693
312737,1878431.883,1395806.047
312738,1651093.637,1125834.976
312740,1380884.32,1022604.079
312750,1753962.082,1428096.557
312770,1809257.577,1432141.68
312800,1719741.746,1436728.305
312820,1680617.865,1239765.929
312830,1299601.043,1193339.422
312840,1666549.906,1147386.867
312850,1664851.096,1100935.665
312870,1311685.01,1190740.524
312880,1695703.169,1166382.263
312900,1706154.983,1182994.333
312910,1015363.349,1469502.853
312920,1415431.615,1092416.479
312930,1773711.149,1370456.65
312940,1577090.2,1146303.82
312950,1338077.863,1390832.016
312970,1278447.555,1298496.131
312980,1583803.454,1312546.769
312990,1330607.782,1098162.161
313000,1499669.061,1187417.555
313010,1558267.659,1311039.861
313020,1520275.206,1327599.095
313030,1415450.623,1313883.262
313040,1484720.789,1187627.629
313055,1797307.391,1335877.226
313060,1340064.568,1065786.501
313065,1835180.419,1804295.563
313080,1482931.035,1160592.898
313090,1799042.279,1349710.432
313110,1577238.671,1464323.054
313115,1760147.155,1364824.598
313120,1817019.85,1317214.911
313130,1736871.19,1364004.474
313140,1012243.449,1516261.853
313150,1358079.919,1100274.568
313170,1665314.193,1353192.062
313180,1884359.794,1450360.863
313190,1606610.3,1283262.616
313220,1533775.182,1277010.648
313230,1858857.93,1586583.924
313240,1423570.485,1047955.839
313250,1730154.615,1549598.958
313260,1686216.306,1137299.454
313270,1829641.83,1502639.309
313280,1662823.002,1377348.238
313290,1277760.41,1218987.587
313300,1489005.946,1057039.53
313310,1472741.939,1055060.629
313320,1818292.052,1386913.14
313330,1883087.294,1679886.078
313340,1054410.921,1385704.551
313350,1475855.519,1272711.743
313360,1343216.495,1022958.91
313370,1543516.423,1295043.787
313375,1308596.424,1255746.355
313380,1531612.186,1311595.403
313390,1620603.135,1231175.603
313400,1852470.013,1683198.113
313410,1886531.267,1353733.43
313420,1048811.912,1479532.526
313430,1494200.475,1173610.519
313440,963250.516,1400950.641
313450,1504648.995,1165354.76
313460,1625772.359,1376203.209
313470,2012878.2,1710074.692
313480,1309221.975,1222079.521
313490,1309461.958,1074250.988
313500,1722589.757,1342413.798
313507,1835986.827,1466258.567
313530,1437854.662,1314483.839
313540,1579453.054,1251132.08
313545,1806044.328,1621011.176
313550,1721224.391,1244628.623
313580,1931683.423,1696454.792
313590,1441762.298,1094463.403
313600,1933032.64,1651821.579
313610,1729629.752,1391659.879
313620,1676003.437,1324244.355
313650,2017335.411,1744291.617
313655,1764845.451,1500027.492
313660,1637854.913,1352150.885
313665,1556298.901,1323288.973
313670,1621736.941,1106809.563
313690,1327772.119,1197469.493
313700,1839393.311,1563629.823
313720,1442688.326,1328250.26
313740,1572576.106,1212078.63
313760,1606776.205,1356311.906
313770,1827570.329,1270718.453
313780,1431876.485,1096478.956
313790,1633034.19,1218751.561
313800,1725987.98,1140628.728
313820,1473448.293,1178621.508
313830,1491416.951,1362221.72
313840,1704497.42,1120592.606
313850,1533632.524,1084523.453
313860,1579819.374,1105023.958
313862,935316.445,1438689.106
313867,1775484.567,1242710.749
313870,1481603.834,1145807.731
313890,1958368.345,1612110.826
313900,1382538.115,1140394.362
313910,1540113.889,1146056.411
313920,1807457.076,1542144.18
313940,1775595.756,1270935.409
313950,1790030.581,1251399.519
313960,1898758.181,1432690.491
313970,1530232.745,1379153.325
313980,1663589.268,1086654.03
313990,1434506.452,1058551.624
314000,1652889.737,1269335.753
314010,1802183.265,1466816.488
314015,1572504.63,1307526.644
314020,1672038.562,1107210.578
314030,1731942.495,1333357.406
314040,1446653.828,1040824.358
314053,1800802.061,1260469.219
314055,1979535.502,1763354.802
314060,1705231.688,1481853.003
314070,1547207.267,1315935.192
314080,1635434.797,1090577.288
314090,1753435.59,1260291.717
314110,1591597.273,1370146.32
314140,1889955.31,1715405.618
314150,1872101.042,1442514.998
314160,1641753.621,1169928.136
314170,1738303.675,1386180.415
314180,1781141.526,1601423.988
314190,1510267.855,1126874.841
314210,1737839.876,1198711.596
314220,1712382.079,1166428.878
314230,1587605.406,1276287.018
314240,1453193.279,1347070.287
314260,1424691.893,1128533.886
314280,1115908.089,1491978.128
314300,1346452.071,1184806.865
314315,1906090.86,1642774.334
314320,1286799.382,1204863.532
314340,1316045.986,1058147.188
314370,1659778.405,1396531.663
314380,1334749.356,1031673.342
314390,1732436.275,1170992.294
314400,1844684.504,1294928.97
314410,1327359.303,1181741.026
314420,1790965.593,1469706.744
314430,1970537.697,1529385.755
314435,1767835.905,1390561.389
314440,1417312.89,1082752.603
314450,1515716.11,1181452.901
314460,1452046.456,1185075.457
314465,1887282.882,1820555.586
314467,1899490.841,1455602.172
314470,1692196.548,1336365.612
314480,1599470.537,1304972.364
314490,1857956.974,1464918.711
314510,1339950.41,1210751.277
314520,1496069.151,1341565.152
314530,1829559.168,1594623.457
314535,1904970.215,1601908.688
314537,1803118.009,1755963.085
314540,1570762.456,1093364.131
314550,1439872.924,1085205.194
314560,1509172.099,1235303.953
314570,1622021.963,1154802.269
314580,1521414.432,1355860.493
314585,1704687.047,1252115.051
314587,1760773.975,1235278.978
314590,1616464.554,1250423.815
314600,1330957.959,1076188.882
314610,1624547.015,1265183.502
314620,1886345.349,1508616.492
314630,1874907.211,1627908.028
314640,1455125.444,1454544.581
314650,1418799.669,1287227.22
314660,1631568.44,1159506.882
314670,1737073.245,1132010.323
314675,1997998.85,1641418.06
314690,1529700.154,1393774.2
314710,1532609.118,1339995.511
314720,1400292.7,1150335.196
314730,1382764.885,1034324.385
314750,1680790.85,1379570.578
314760,1467150.327,1045575.539
314770,1534501.222,1244527.55
314780,1538591.274,1064416.552
314790,1323538.832,1256574.304
314810,1298548.554,1462764.316
314820,1747932.139,1160282.762
314830,1680214.823,1204583.407
314840,1723457.761,1480151.471
314850,1918229.947,1571986.251
314860,1757676.031,1464681.667
314870,1927598.82,1747419.488
314875,1745277.431,1241546.407
314880,1709623.077,1232042.366
314890,1465805.483,1293765.44
314900,1762196.133,1198406.31
314910,1421655.336,1068334.243
314930,1590057.907,1356749.73
314940,1596159.955,1111960.37
314950,1653183.685,1093898.974
314960,1532540.519,1366820.619
314970,1486731.919,1332221.629
314990,1473033.695,1200756.154
314995,1778375.252,1400649.401
315000,1855900.068,1479357.537
315010,1639308.083,1133377.17
315015,1787681.908,1320123.493
315020,1714599.447,1272616.213
315030,1557427.878,1144357.775
315040,1560736.991,1262272.415
315053,1750569.902,1326794.601
315060,1542757.479,1258500.732
315070,1129337.335,1363320.144
315080,1652186.658,1233796.745
315090,1412235.675,1033267.089
315100,1407470.389,1056414.433
315110,1730121.696,1102315.222
315130,1670503.277,1157868.839
315140,1507816.406,1371300.485
315160,1129252.055,1346882.452
315170,1373862.338,1124774.868
315180,1318097.304,1129634.582
315190,1838500.329,1334835.042
315200,1509397.117,1424471.832
315210,1692676.83,1255156.429
315217,1885628.549,1650328.49
315230,1673330.578,1227886.866
315240,1842124.597,1541300.452
315250,1374122.167,1071048.694
315260,1473298.574,1071960.887
315270,1571156.875,1188067.207
315290,1299100.815,1250678.232
315310,1664622.108,1216343.218
315330,1649841.903,1467831.057
315350,1787854.912,1241121.183
315370,1439942.209,1413891.637
315380,1592650.128,1228697.123
315390,1612591.782,1314467.214
315400,1750067.927,1295272.613
315410,1725052.312,1121598.926
315415,1791458.492,1264062.132
315420,1551851.244,1220667.954
315430,1883958.081,1372878.472
315440,1601793.735,1186338.182
315460,1586445.302,1340804.586
315470,1471393.953,1192495.808
315480,1612054.663,1299917.506
315490,1721610.774,1283613.598
315500,1696325.935,1277757.663
315510,1980957.708,1656678.555
315520,1630189.864,1208736.924
315530,1553497.833,1287243.418
315540,1656656.43,1135412.014
315570,1675506.314,1308753.268
315580,1656774.557,1161213.828
315590,1577638.108,1076929.023
315600,1707085.103,1505755.695
315610,1541811.612,1204753.578
315620,1665698.403,1114176.245
315630,1689667.542,1161924.988
315645,1725114.842,1184969.346
315650,1814996.392,1713119.654
315660,1990350.935,1680240.758
315670,1614600.448,1329411.841
315680,1701113.035,1460179.54
315690,1267880.47,1356464.478
315700,1826800.231,1741545.696
315710,2042890.267,1714497.092
315720,1642502.345,1305606.174
315725,1779053.286,1299825.194
315727,1596555.083,1083936.155
315730,1621543.886,1165489.692
315733,1555782.93,1187136.567
315737,1864536.14,1744051.165
315740,1705270.986,1274983.352
315750,1764166.903,1428197.719
315765,1967201.458,1632181.37
315780,1610220.88,1342332.493
315790,1756696.812,1245889.5
315800,1692788.839,1369457.292
315810,2031057.267,1693142.63
315820,1780311.003,1496902.431
315830,1427548.896,1182409.029
315840,1716668.703,1150449.974
315860,1646682.366,1080538.666
315870,1564306.107,1125717.143
315880,1475511.54,1223075.63
315890,1798720.325,1284497.376
315895,1745587.634,1369300.776
315900,1636233.134,1404530.193
315910,1613598.007,1218861.234
315920,1344376.251,1102027.903
315930,1556111.789,1072121.122
315935,1778363.865,1308115.938
315940,1578337.075,1131225.631
315950,1857664.636,1352634.89
315960,1399494.093,1071924.088
315980,975642.146,1484784.345
315990,1486873.505,1218072.281
316000,1685451.373,1098986.544
316010,1724800.52,1262018.969
316020,1682984.078,1482337.257
316030,2011749.499,1672817.188
316040,1461877.191,1317977.606
316050,1674978.792,1394114.182
316070,1619423.02,1140796.979
316080,1466624.048,1143541.354
316090,1585896.217,1241663.642
316095,1792336.101,1347477.34
316100,1700747.367,1313843.494
316105,1863697.848,1450646.877
316120,1483993.935,1241723.509
316130,1011005.053,1388456.859
316140,1750162.636,1204020.989
316150,1694819.459,1196513.265
316160,1773093.215,1423238.786
316165,1866903.751,1409536.97
316190,1660420.365,1328409.441
316200,1411720.344,1108948.321
316210,1399558.264,1408344.176
316230,1379247.577,1108313.683
316250,1548445.844,1171173.099
316255,1768601.307,1251297.446
316257,1889451.761,1425936.476
316260,1780818.554,1368813.955
316270,1855157.899,1827368.462
316280,1731710.675,1472742.235
316290,1668930.98,1120612.423
316292,1565354.257,1308956.446
316295,1595547.873,1349501.502
316300,1799659.982,1487727.5
316310,1538843.566,1355507.922
316320,1414529.079,1059556.443
316330,1873377.614,1469364.422
316340,1721164.235,1308214.252
316350,1746038.472,1502704.22
316360,1811306.112,1287175.926
316370,1464055.849,1079708.481
316380,1708880.088,1216444.634
316390,1317392.037,1209385.991
316400,1731744.758,1292603.46
316410,1752230.544,1489731.828
316440,1391240.804,1081580.758
316443,1715891.516,1180775.55
316447,1799876.364,1348609.424
316450,1761228.563,1522321.985
316460,1484516.214,1296049.857
316470,1283577.299,1236233.349
316480,1677164.747,1386962.54
316490,1463800.122,1067748.134
316500,1524241.757,1211686.417
316510,1273021.74,1253060.857
316520,1475365.13,1123550.675
316530,1524018.25,1126389.157
316540,1377355.836,1009662.109
316550,1765072.109,1438299.48
316553,1578166.245,1308981.971
316555,1805775.583,1568104.809
316556,1706153.413,1292509.388
316557,1344008.898,1039533.317
316560,1675665.767,1097869.715
316570,1667835.743,1200304.75
316580,1355678.088,1085416.465
316590,1693547.82,1553853.989
316600,1645073.398,1214935.44
316610,1696009.399,1430115.46
316620,1617496.094,1190985.953
316630,1736843.08,1240691.976
316640,1522476.972,1097312.839
316650,1690066.493,1491791.759
316670,1993818.32,1525788.557
316690,1366831.791,1154949.722
316700,1515946.754,1108007.592
316710,1668720.386,1477147.443
316720,1572561.081,1382264.826
316730,1655064.832,1173712.506
316740,1389708.715,1096291.057
316750,1635703.946,1079616.075
316760,1790124.862,1292205.503
316770,1785106.721,1384183.998
316780,1465744.992,1090108.813
316790,1647021.618,1148821.108
316800,1840490.947,1773217.026
316805,1830941.691,1317764.722
316830,1626592.453,1353526.89
316840,1808226.26,1371685.631
316850,1695203.469,1229101.226
316860,1882331.717,1548104.118
316870,1735117.742,1350281.711
316880,1561985.017,1186941.554
316900,1671942.935,1167824.015
316905,1352997.293,1062014.564
316910,1326306.335,1023798.156
316920,1770368.934,1191079.688
316930,1452318.897,1131325.354
316940,1426885.358,1168078.783
316950,1831762.269,1402355.887
316960,1131745.733,1526822.94
316970,1741891.629,1619572.437
316980,1391943.15,1113871.389
316990,1678887.489,1175499.167
317005,1786589.851,1332252.777
317010,1200265.574,1399756.349
317020,1169896.393,1466577.409
317030,1960928.503,1589792.756
317050,1712334.538,1263085.002
317057,1762430.093,1341760.367
317070,1433781.844,1148224.56
317110,1163845.224,1400080.646
317115,1763227.537,1291291.801
317120,1599652.342,1345084.92
317130,1691511.544,1216832.571
317140,1748551.565,1190056.733
317150,1815259.391,1451565.275
317160,1799569.534,1674489.715
317170,1454244.985,1054338.741
317180,1738559.942,1439456.963
317190,1778388.592,1474569.522
317200,1692422.012,1184952.234
317210,1710174.653,1095373.67
317220,1423347.862,1032425.07
320010,1873916.648,1271348.425
320013,1927635.049,1395635.805
320016,1909600.286,1451004.482
320020,1826618.067,1203332.721
320030,1896517.399,1212843.991
320035,1903211.126,1392678.591
320040,1908075.587,1193204.531
320050,1817771.75,1163044.418
320060,1972668.784,1296623.262
320070,1855646.858,1171258.642
320080,1895557.211,1329220.883
320090,1923968.502,1431707.813
320100,1976794.437,1446102.057
320110,1809783.08,1162571.93
320115,1856568.404,1269298.438
320120,1857786.742,1194002.597
320130,1938485.304,1239502.003
320140,1859607.244,1218923.293
320150,1929202.01,1334792.634
320160,2026936.474,1444108.897
320170,1856107.193,1240575.141
320180,1807872.779,1221177.629
320190,1898122.836,1242681.208
320200,1798574.161,1216652.898
320210,1932182.965,1477489.866
320220,1951735.785,1275592.981
320225,1948979.492,1365370.322
320230,1807288.555,1200537.972
320240,1923836.587,1206851.76
320245,1829783.663,1257902.489
320250,1947707.627,1291774.356
320255,1812420.901,1232449.363
320260,1890721.046,1191163.791
320265,1820101.872,1249660.076
320270,1905071.123,1309710.982
320280,1879073.83,1167895.543
320290,1899423.094,1284476.178
320300,1817912.081,1247894.149
320305,2002156.112,1388344.039
320310,1837467.684,1192009.7
320313,1947616.645,1305787.213
320316,1883856.206,1295513.343
320320,1993046.206,1338818.75
320330,1896900.726,1410518.546
320332,1882113.715,1151745.733
320334,1903702.441,1227487.621
320335,1943576.779,1339786.317
320340,1834920.325,1159000.69
320350,1987401.078,1485167.73
320360,1965464.808,1502523.846
320370,1838650.589,1236180.511
320380,1840297.864,1175972.746
320390,1954310.357,1424033.346
320400,1918248.201,1376177.45
320405,2010580.929,1477016.163
320410,1991614.647,1457590.533
320420,1897853.942,1180532.922
320425,1961782.089,1475418.004
320430,1864033.004,1149252.941
320435,1967661.053,1359998.113
320440,1883778.407,1184633.771
320450,1931404.434,1260074.059
320455,1905599.599,1267846.272
320460,1925586.628,1289428.808
320465,1943587.37,1375778.27
320470,1951907.198,1394574.923
320480,1809074.196,1174586.707
320490,2003596.161,1411580.948
320495,1923533.001,1308388.305
320500,1954778.889,1256451.245
320501,1986112.075,1376063.876
320503,1877805.729,1205455.724
320506,1868500.212,1239076.375
320510,1929870.368,1227670.023
320515,1945097.337,1435064.692
320517,1969518.493,1390660.877
320520,1942619.599,1222138.98
330010,1520022.561,972103.142
330015,1752876.918,1102778.93
330020,1722419.18,976859.755
330022,1648903.54,1046332.651
330023,1755365.408,970495.134
330025,1732951.472,955680.361
330030,1569532.171,1032686.224
330040,1541798.437,1026225.764
330045,1617687.946,991904.877
330050,1722308.542,1042115.848
330060,1804383.516,1158658.444
330070,1745854.437,979206.021
330080,1683416.956,1009476.105
330090,1776525.708,1118194.771
330093,1792448.092,1034188.597
330095,1638311.78,1069995.423
330100,1822842.665,1083145.75
330110,1730490.682,1080061.325
330115,1816613.44,1109977.231
330120,1707453.185,1079565.321
330130,1740558.249,1006837.685
330140,1774254.912,1043362.243
330150,1727091.003,1058102.614
330160,1711962.49,1060243.398
330170,1626479.158,1002232.345
330180,1595401.449,1020210.704
330185,1659667.938,1004269.424
330187,1728678.993,967644.115
330190,1668109.126,983760.796
330200,1574224.662,984201.981
330205,1803042.379,1123557.474
330210,1756973.207,1093537.008
330220,1782304.18,1149393.912
330225,1503734.163,1037681.052
330227,1596410.946,1002073.832
330230,1758349.953,1149322.683
330240,1759398.435,1026445.076
330245,1734253.286,1061347.473
330250,1644835.359,1002517.666
330260,1550887.516,972671.009
330270,1669547.412,964182.889
330280,1585168.822,1019764.32
330285,1609544.666,984516.033
330290,1611629.724,1018650.313
330300,1754682.852,1132688.774
330310,1781210.304,1171049.649
330320,1611530.73,981744.698
330330,1646488.233,966833.341
330340,1708123.907,1029751.831
330350,1606179.234,998098.607
330360,1585735.795,1008396.11
330370,1631800.852,1054509.78
330380,1483911.252,956838.774
330385,1619744.184,1034124.938
330390,1643368.694,1027877.881
330395,1559864.901,1019912.827
330400,1568052.627,1008454.861
330410,1779327.36,1187119.525
330411,1529193.261,1035120.489
330412,1538881.927,1044193.067
330414,1597630.508,994490.763
330415,1813817.622,1042276.543
330420,1513725.147,1036777.889
330430,1694102.025,982542.428
330440,1549113.045,993230.742
330450,1609271.944,1059572.165
330452,1760130.483,1007751.201
330455,1608098.408,970129.596
330460,1770066.697,1063473.66
330470,1748518.314,1114640.764
330475,1853846.051,1118029.476
330480,1786725.802,1097836.699
330490,1653301.148,976560.465
330500,1853863.926,1075201.269
330510,1618154.643,985231.256
330513,1774884.32,1133188.77
330515,1668151.992,1051871.757
330520,1738112.9,971125.392
330530,1752873.383,1075659.458
330540,1680752.47,1067527.518
330550,1698884.937,965176.813
330555,1586235.197,992193.7
330560,1713289.979,999979.718
330570,1695098.242,1056152.399
330575,1680168.137,978606.142
330580,1672011.633,1034495.694
330590,1744351.903,1047740.533
330600,1651252.074,1059053.704
330610,1577298.198,1054306.759
330615,1793247.25,1187046.565
330620,1603744.467,1036870.174
330630,1551631.092,1026931.777
350010,879550.851,1189147.711
350020,1019663.435,1213830.245
350030,1269003.181,1105613.414
350040,1304448.616,1118478.774
350050,1307271.475,1052541.441
350055,1045285.953,1028634.586
350060,1182232.606,1048609.515
350070,1062499.488,1060856.061
350075,1174042.363,938023.41
350080,843889.019,1149379.048
350090,1081027.157,1297690.757
350100,1245227.244,1228310.992
350110,964197.856,1179707.331
350115,1230952.944,935208.726
350120,1001131.836,1331674.848
350130,830925.663,1127164.559
350140,1005421.822,1121595.374
350150,1000138.227,1079171.427
350160,1238117.074,1029432.134
350170,1175094.695,1151685.239
350180,1016232.06,1330678.524
350190,1286006.676,1028151.241
350200,1206038.032,1102562.512
350210,857685.568,1276894.146
350220,1118023.33,955536.21
350230,1151342.043,1027493.433
350240,837925.603,1099844.348
350250,1435217.211,989131.22
350260,900452.143,1315985.897
350270,1074923.584,843499.756
350275,1252099.247,944959.623
350280,930257.532,1240094.386
350290,1195096.144,936911.335
350300,1210597.727,1333105.398
350310,1061736.194,990048.7
350315,1515479.718,1009358.826
350320,1159866.22,1144782.17
350330,1238419.53,1073547.428
350335,939620.598,1163319.273
350340,1079039.18,1117609.764
350350,1488906.36,1012052.85
350360,1106349.722,1050623.267
350370,1106534.526,1219663.391
350380,1254973.943,1046975.954
350390,1325376.002,944176.054
350395,921767.947,1349108.994
350400,934461.454,1066038.851
350410,1302223.111,977042.955
350420,933134.82,1294708.588
350430,1045445.401,1107059.524
350440,989402.143,1195805.529
350450,1079086.432,1000786.196
350460,1043781.026,1253860.139
350470,1046213.455,1141456.873
350480,1034299.045,1280426.919
350490,1524846.653,1001244.896
350500,1009249.497,946347.094
350510,993189.957,1215387.303
350520,1104833.569,1116815.662
350530,1118503.273,1067525.537
350535,1049029.118,842785.047
350540,1108210.575,786285.56
350550,1124918.24,1296697.915
350560,1173434.129,1209067.207
350570,1270234.916,935094.795
350580,907611.885,1143835.513
350590,1228085.561,1247286.092
350600,1063447.276,1097966.252
350610,1135124.216,1246157.896
350620,900411.111,1216487.328
350630,1021454.929,1010095.923
350635,1349283.997,898175.897
350640,937361.122,1202996.584
350650,951212.37,1221524.053
350660,1351574.071,913864.952
350670,1130950.896,1130250.834
350680,1123042.6,1110928.47
350690,1137580.701,990070.48
350700,1195264.397,966908.824
350710,1312147.7,970385.127
350715,1042491.504,858220.157
350720,929147.819,1108155.063
350730,1097148.163,1105304.159
350740,1074143.461,1172374.031
350745,1072899.901,1047386.371
350750,1122260.966,1022321.595
350760,1307120.532,998267.358
350770,950182.738,1187550.757
350775,965746.642,1230512.639
350780,1221130.58,1226621.992
350790,1165255.4,1088030.258
350800,1104037.788,919705.089
350810,967648.254,1245262.952
350820,1222656.33,1324626.027
350830,1037424.907,1072283.402
350840,1252667.557,960504.513
350850,1386988.285,971556.135
350860,1461452.518,1011377.943
350870,1315596.447,1161278.102
350880,1026413.288,1161685.908
350890,860616.101,1146692.999
350900,1284300.485,949020.639
350910,786821.553,1168111.332
350920,1272293.158,952940.862
350925,1131439.937,798152.358
350930,1103348.663,1256333.866
350940,1250182.934,1197749.935
350945,1118184.509,935625.165
350950,1260358.278,1008750.184
350960,1284478.51,967517.714
350970,1408913.9,1016593.764
350980,974371.9,1062389.137
350990,1147007.152,768071.427
350995,1456314.588,1008639.471
351000,932847.456,1041951.116
351010,1119983.045,1200297.689
351015,992436.742,1013490.346
351020,1128974.388,884170.24
351030,1188145.636,946433.927
351040,1217278.775,1001029.416
351050,1402806.788,907211.241
351060,1273191.684,929593.63
351070,1000135.737,1357666.117
351080,1266811.897,1134992.077
351090,1266645.284,1197836.37
351100,833517.321,1271034.848
351110,1088820.731,1227031.145
351120,1080637.838,1235907.046
351130,1061067.058,1254703.243
351140,1054998.204,1004386.102
351150,1188260.716,979240.566
351160,1173774.376,976966.475
351170,1195516.216,1055551.432
351190,938203.06,1186299.949
351200,1129125.227,1269295.92
351210,1120153.334,1325908.864
351220,1255998.481,1069351.749
351230,1162216.33,1007256.991
351240,1228276.397,1058782.1
351250,955045.235,1207967.271
351260,1034470.409,939060.235
351270,1211471.967,1088625.6
351280,1248807.43,1036912.151
351290,1014379.905,1312944.701
351300,1260492.908,916037.76
351310,1206898.396,1193873.986
351320,1250035.019,1303455.925
351330,899559.154,1052283.545
351340,1461775.778,1029038.998
351350,1311743.295,889164.145
351360,1462216.511,970209.983
351370,1210595.758,1130253.045
351380,1293919.471,910526.466
351385,929780.048,1317735.387
351390,1306466.756,1147791.185
351400,1145099.277,1178133.746
351410,1138857.042,1075752.894
351420,942080.494,1355579.602
351430,1142039.492,1108086.526
351440,827881.656,1194440.837
351450,1034272.522,1083748.871
351460,1184636.404,1206480.623
351470,957062.963,1082533.409
351480,1130266.645,830699.74
351490,1226816.351,989705.876
351492,1075941.34,1224749.63
351495,1101804.159,1247199.368
351500,1271241.034,917894.996
351510,1271195.243,894117.321
351512,837273.154,1165399.566
351515,1251556.19,1055941.406
351518,1291680.38,1086970.38
351520,952590.768,1337609.459
351530,813570.775,1086765.442
351535,723664.885,1087547.933
351540,1015855.706,968440.69
351550,965287.498,1336098.137
351560,1113676.353,1204575.978
351565,1021912.31,1087823.31
351570,1318238.746,924310.491
351580,847552.661,1176785.852
351590,974998.251,1289072.513
351600,868616.181,1194077.456
351610,905711.102,1035165.342
351620,1250213.938,1281966.686
351630,1287444.951,960720.951
351640,1285847.24,956120.523
351650,928434.756,1195172.131
351660,1018825.453,1093335.164
351670,1008615.111,1104490.84
351680,969238.891,1273730.153
351685,1133761.047,1146804.154
351690,949419.438,1294369.05
351700,979003.27,1158795.598
351710,965589.951,1211415.505
351720,1006689.979,1181921.242
351730,994662.581,1146630.725
351740,1155172.982,1317754.449
351750,1069785.793,1274047.2
351760,1101857.159,865950.803
351770,1211930.218,1293595.672
351780,860977.301,1247449.085
351790,1091381.191,1315449.722
351800,960697.979,1360276.322
351810,1021026.909,1140440.177
351820,917160.036,1220911.241
351830,1350091.605,937046.515
351840,1437002.052,1003110.897
351850,1141851.148,961463.348
351860,1159022.328,1191101.66
351870,1327487.025,877733.775
351880,1312082.181,943421.068
351885,1182720.959,1182535.104
351890,920022.277,1297342.827
351900,943841.122,1140161.979
351905,1260816.241,1038387.676
351907,1244498.326,1010724.428
351910,1074956.209,1139578.305
351920,920894.853,1160578.875
351925,1060594.808,1032079.408
351930,1173490.9,1125085.854
351940,1064028.095,1235714.919
351950,966335.518,1039248.544
351960,1094569.888,1149591.786
351970,1234677.513,903344.747
351980,1073360.725,1317620.527
351990,872130.941,1064377.97
352000,1114760.663,1060525.94
352010,1225069.129,1341425.062
352020,1344352.163,971884.072
352030,1202515.438,818495.794
352040,1416333.705,881413.21
352042,1176499.021,784371.865
352044,867390.419,1323458.191
352050,1242761.766,984215.173
352060,855593.353,1125553.941
352070,969628.114,1373561.973
352080,888180.904,1169677.225
352090,1009900.035,1006873.324
352100,1198586.645,952948.087
352110,1199456.99,1067667.717
352115,1049452.963,1286558.197
352120,1100131.711,830939.052
352130,1183715.833,1303451.569
352140,1216512.682,1046400.635
352150,1045004.46,1214524.769
352160,851709.479,1201568.886
352170,1048329.799,909851.862
352180,1060210.548,955788.488
352190,1078084.34,1201906.422
352200,1098484.017,1130753.907
352210,1268410.915,866471.559
352215,1071159.813,820783.899
352220,1269666.524,907970.704
352230,1148611.133,928742.139
352240,1074061.559,902985.149
352250,1261046.739,930540.331
352260,1291315.702,1058968.909
352265,1034785.375,829150.015
352270,1099846.39,1177816.632
352280,1019481.333,935103.874
352290,1104932.953,1095290.408
352300,848308.02,1305471.413
352310,1323149.905,935535.762
352320,1031075.163,886597.489
352330,1238205.481,845589.677
352340,1281373.403,992530.793
352350,1104064.04,989742.465
352360,1189170.207,1083632.425
352370,1270127.335,1268332.636
352380,1283589.434,1139575.862
352390,1232837.623,961504.876
352400,1255352.078,978408.023
352410,1209963.401,1311621.844
352420,1147054.66,1279161.75
352430,1154591.345,1212202.005
352440,1358050.979,951392.596
352450,1029511.453,1253275.002
352460,1144895.063,796480.636
352470,1265279.998,1030782.052
352480,938294.114,1336168.865
352490,1385323.199,951132.612
352500,1267674.689,930764.101
352510,1202141.864,1234879.553
352520,1289311.054,979505.357
352530,1118732.334,1088962.934
352540,1233177.728,1308493.615
352550,1340736.853,995180.102
352560,899897.23,1106032.009
352570,1008834.07,1237838.213
352580,1000508.998,1135201.227
352585,1186081.571,989661.063
352590,1269913.272,971519.968
352600,843234.577,1206170.738
352610,1188658.166,858989.245
352620,1251508.377,883997.051
352630,1436212.997,968915.17
352640,1179383.273,1000440.428
352650,884872.617,1238541.186
352660,1473549.919,1031509.284
352670,1238775.463,1093879.028
352680,1089213.99,1046722.525
352690,1232084.077,1044541.954
352700,1301876.503,1048502.841
352710,1013890.758,1172053.279
352720,1453767.257,1001402.529
352725,965064.97,1257097.098
352730,1268641.609,984578.586
352740,885484.862,1180921.849
352750,1020273.03,1075362.583
352760,1201227.117,1169433.556
352770,948169.32,1173722.294
352780,994637.252,1082504.79
352790,939942.323,1098003.29
352800,1101131.35,1067938.526
352810,991481.879,1268348.37
352820,976662.784,1355605.643
352830,968111.541,1298050.166
352840,1236216.017,937699.358
352850,1302685.819,954269.594
352860,1039589.025,1006923.734
352870,777958.097,1130483.13
352880,902476.569,1062120.868
352885,1070657.921,1214126.446
352890,866875.157,1166247.681
352900,980366.793,1112625.044
352910,909326.877,1315325.322
352920,868944.321,1120231.31
352930,1137115.63,1167761.197
352940,1310150.159,912717.446
352950,1028592.543,1224272.096
352960,973896.028,1320797.539
352965,934578.263,1374664.455
352970,1181980.859,1330754.655
352980,1129219.569,1068607.945
352990,1213580.468,859109.158
353000,983458.418,1372218.031
353010,875701.772,1247220.032
353020,782331.366,1104381.126
353030,1038045.754,1266384.519
353040,1041627.435,1293287.071
353050,1275708.245,1175288.85
353060,1336272.345,921678.21
353070,1268291.238,1084361.007
353080,1270058.27,1058545.154
353090,1205616.124,1006438.449
353100,980972.841,1266098.402
353110,1284631.809,867639.717
353120,1298689.225,1026428.457
353130,1130117.127,1209289.738
353140,1012924.493,1278632.709
353150,1118578.272,1251090.882
353160,831083.513,1229486.583
353170,1380011.656,991805.23
353180,1234100.056,1002846.989
353190,1172647.912,1272660.254
353200,1285599.29,1005377.478
353205,1163475.566,1176978.964
353210,859399.246,1257995.281
353215,858486.042,1071224.493
353220,827439.202,1076875.916
353230,1415605.323,932306.366
353240,1322837.807,967208.849
353250,1023660.108,1262382.052
353260,985649.922,1287967.148
353270,1010488.268,1260809.622
353280,1034996.151,1239170.435
353282,1061965.232,871481.271
353284,902328.642,1328318.345
353286,955311.479,1277714.173
353290,1123946.625,1149569.455
353300,1058023.547,1306023.759
353310,823353.775,1222038.043
353320,838381.054,1243026.196
353325,1094554.068,1243567.505
353330,964154.935,1266547.691
353340,1237906.774,1022323.714
353350,1054526.573,1190322.237
353360,1214404.477,1267438.906
353370,982757.06,1082030.361
353380,1032649.728,1018331.059
353390,1092855.019,1276770.01
353400,1065514.816,1288988.276
353410,969823.287,1117496.377
353420,1057851.671,1338042.542
353430,1197015.24,1269656.37
353440,1278490.91,931626.165
353450,952673.993,1100682.41
353460,896421.911,1169918.256
353470,987074.901,1021575.689
353475,956061.571,1377397.053
353480,813063.52,1200660.783
353490,858736.611,1199833.611
353500,1042780.873,1325154.619
353510,1102559.339,1229413.221
353520,917894.655,1319575.628
353530,952216.323,1038359.337
353540,801540.255,1206782.774
353550,915441.79,1083900.51
353560,1389764.546,927374.943
353570,1109400.874,1238841.404
353580,1085531.436,957791.113
353590,935935.198,1362194.544
353600,900691.085,1155624.306
353610,1126579.377,994048.105
353620,1165305.463,806452.35
353625,989655.13,1334530.767
353630,1257823.373,1263927.419
353640,809837.258,1237250.754
353650,1251865.574,1025327.792
353660,1048237.399,1354456.396
353670,1088915.222,1090564.87
353680,1319880.835,1016171.702
353690,983217.014,1342120.75
353700,1247854.178,1322987.06
353710,1276717.283,1022444.956
353715,895751.722,1043289.758
353720,1236091.745,860885.779
353730,975244.405,1203181.542
353740,880804.16,1293960.062
353750,1167408.351,988718.365
353760,1249389.073,846202.706
353770,920169.12,1187308.308
353780,1213346.969,906931.082
353790,1184745.856,901155.778
353800,1414078.346,995192.595
353810,1093296.151,1217820.162
353820,1307075.883,1016973.071
353830,811512.808,1160802.166
353850,1445060.477,1026134.207
353860,1330575.227,983444.068
353870,1189995.301,1033023.109
353880,1032383.676,991063.281
353890,1037811.163,1134431.972
353900,1118141.349,1229521.443
353910,1261111.976,950752.096
353920,818439.443,1087259.927
353930,1235383.035,1114783.07
353940,1055615.811,1078536.038
353950,1160301.606,1236537.263
353960,994070.614,1249120.514
353970,954545.299,1062005.967
353980,1321178.555,927626.128
353990,1007458.382,1277252.507
354000,961487.65,1131220.515
354010,1045013.956,1160499.399
354020,1178723.517,1237622.98
354025,939971.03,1316842.861
354030,1018187.341,1343905.25
354040,944699.759,1379883.62
354050,1153494.711,983570.22
354060,1211106.597,972314.814
354070,1231263.143,1133061.43
354075,1429831.871,1000077.794
354080,1047135.195,1236814.475
354085,875949.952,1158900.079
354090,1173295.837,1196002.493
354100,1299166.141,872744.374
354110,1034686.333,1115413.617
354120,820781.28,1130568.357
354130,767719.252,1156383.126
354140,848656.659,1142325.69
354150,801417.07,1168314.156
354160,996469.58,1187864.951
354165,1159950.146,968174.302
354170,915441.047,1113486.693
354180,957569.346,1158176.317
354190,1483804.443,1032362.274
354200,943195.472,1124093.592
354210,1206404.371,994380.497
354220,887245.427,1106247.867
354230,1403434.221,952411.717
354240,851711.547,1111844.428
354250,1061235.066,1141479.365
354260,1169750.616,826507.99
354270,1236982.425,1272201.211
354280,1052323.687,823399.363
354290,1157034.381,1113609.968
354300,1080118.334,862472.511
354310,1232225.71,1295869.584
354320,981814.291,1045433.054
354323,826484.547,1167956.064
354325,1121002.923,867287.273
354330,1313987.491,908280.537
354340,1200566.046,1209443.287
354350,1019101.164,914774.486
354360,1249065.815,1339787.963
354370,1176308.386,1166606.61
354380,912134.999,1174981.169
354390,1213200.051,1072395.734
354400,1206849.573,1017155.058
354410,1315851.118,903801.362
354420,1024166.161,1361139.527
354425,699613.481,1092187.89
354430,1428680.168,987560.283
354440,907700.362,1212648.371
354450,892490.521,1343168.292
354460,1025840.82,1192133.922
354470,884062.909,1154883.323
354480,1034010.644,1206007.65
354490,1200828.236,1253738.988
354500,1369282.872,917368.174
354510,897197.72,1186763.485
354515,1193695.548,1015783.058
354520,1232337.142,976380.431
354530,1200899.356,923681.043
354540,977185.134,1031801.097
354550,796740.418,1088589.779
354560,1101481.203,1204604.696
354570,923005.761,1368775.348
354580,1223864.964,1021566.576
354600,1368961.749,935428.192
354610,904670.238,1363742.522
354620,1224819.983,1100988.369
354625,1237485.426,1198937.885
354630,1250415.639,1129952.278
354640,1015760.54,1036394.54
354650,1144735.897,1185593.042
354660,899307.369,1343676.046
354670,1217933.477,1060163.097
354680,1333812.625,954786.411
354690,1173119.732,1157869.656
354700,1155475.793,1054720.188
354710,814363.347,1223184.772
354720,914365.165,1340567.961
354730,1266977.645,941918.956
354740,913970.185,1359656.478
354750,1226853.02,1152152.972
354760,1242476.664,1171755.82
354765,922015.394,1340337.394
354770,811217.368,1139216.122
354780,1309963.238,905491.981
354790,1263241.097,1218113.057
354800,1272279.53,1040564.578
354805,933998.844,1267950.933
354810,1303031.659,1093249.59
354820,1391460.209,1003004.765
354830,847111.237,1162053.24
354840,931859.102,1176204.498
354850,1322938.944,887786.121
354860,1394207.691,1020366.943
354870,1298564.885,896548.61
354880,1299027.137,918401.697
354890,1189449.452,1127569.864
354900,925640.963,1327627.731
354910,1292991.242,1111964.241
354920,954315.621,1320864.817
354925,956175.16,1307638.927
354930,821270.562,1233694.367
354940,1195147.979,1287011.394
354950,1225581.97,1280229.774
354960,1500151.542,1002024.547
354970,1289215.151,1156084.608
354980,1052724.129,1268911.532
354990,1366294.036,975048.132
354995,1261035.227,895220.186
355000,1429906.44,951439.484
355010,1116847.931,1043931.658
355020,1158661.819,896510.259
355030,1290879.941,916338.454
355040,1177881.784,1053694.564
355050,997010.186,1052918.848
355060,1247369.877,931947.093
355070,1390090.287,894974.065
355080,1300081.872,1137544.421
355090,1223053.859,1178305.901
355100,1303066.201,879001.051
355110,1180998.373,923953.214
355120,1020602.505,983629.83
355130,998934.336,1292209.948
355140,1226269.911,1195048.425
355150,1221058.229,1207064.896
355160,1297962.781,1039981.59
355170,1182921.543,1221126.525
355180,1161022.036,854164.293
355190,1108483.508,1265357.239
355200,1475710.783,1006169.514
355210,1313573.33,1036015.924
355220,1215633.056,944507.465
355230,901218.979,1293927.84
355240,1239492.717,1015428.434
355250,1323864.158,918254.322
355255,885270.859,1317574.939
355260,1084097.474,1250946.195
355270,1116709.98,1157342.16
355280,1277836.542,920928.197
355290,845321.817,1082736.586
355300,1027003.892,957799.204
355310,1131505.398,1224036.222
355320,1141548.284,1223211.041
355330,1253995.076,1159326.894
355340,1026362.657,1301782.701
355350,1193771.898,882572.011
355360,1304264.242,1172657.52
355365,1144950.925,1230358.631
355370,1128175.245,1190008.288
355380,1042282.12,950201.976
355385,1091508.624,898251.313
355390,818617.489,1101396.138
355395,915690.359,1048310.241
355400,1175744.141,959766.354
355410,1407585.529,971537.418
355420,1036871.874,972543.911
355430,745186.384,1098437.631
355440,1152837.474,1263680.396
355450,1194351.663,994870.131
355460,1008634.124,991677.325
355465,1143567.81,975423.658
355470,1155577.558,1068749.501
355475,1141667.309,1118055.232
355480,1399350.223,989472.569
355490,907079.939,1339492.511
355495,1295459.488,1011959.307
355500,928139.66,1142908.496
355510,828647.852,1213805.353
355520,977243.923,1257316.243
355530,949431.2,1359044.625
355535,1010867.881,1222478.646
355540,1450502.824,932869.77
355550,1008437.92,1067879.323
355560,1071350.771,1251279.475
355570,999736.863,1261658.154
355580,929081.971,1345704.723
355590,1050858.031,1155905.491
355600,1058534.773,1220867.908
355610,982140.384,1317654.922
355620,1265504.769,997607.08
355630,895224.043,1231819.903
355635,1321341.417,1002637.193
355640,1284719.546,1126408.688
355645,1255807.097,922797.847
355650,1278189.376,967909.029
355660,995251.255,1105043.089
355670,1264989.803,989294.575
355680,1155434.13,1251146.086
355690,1119388.162,1219750.635
355695,945738.534,1345889.011
355700,1218402.099,930768.859
355710,993012.861,1312590.587
355715,981933.372,1235419.83
355720,998560.088,1009848.059
355730,1276633.674,1083176.1
410010,940023.007,983207.603
410020,1071435.972,801372.311
410030,1014303.502,659828.676
410040,1019153.238,745052.019
410045,700622.857,820541.965
410050,584487.147,932118.602
410060,746224.941,1021347.829
410070,636272.52,907087.909
410080,851764.195,1046635.627
410090,696275.256,1017636.91
410100,619305.25,695289.146
410105,658271.589,842315.61
410110,945871.412,1016656.356
410115,784866.214,1005833.417
410120,1076494.958,739818.305
410130,937391.825,672992.132
410140,828168.047,958984.246
410150,830753.793,974179.128
410160,966309.613,889631.378
410165,787584.876,870966.641
410170,716626.714,920102.786
410180,1005373.983,709524.52
410185,814016.436,865546.656
410190,884504.268,975172.312
410200,617057.103,869621.858
410210,805697.087,997880.863
410220,771020.371,1013927.35
410230,982567.818,721255.88
410240,937540.685,1000472.95
410250,766945.529,902666.046
410260,613017.737,657004.665
410270,956122.069,1005719.697
410275,605139.179,700055.812
410280,852328.564,1023879.823
410290,803136.765,656389.087
410300,698098.585,885722.305
410302,645170.264,726470.587
410304,807982.866,809902.233
410305,627596.076,751582.69
410310,1057600.664,763424.584
410315,611459.176,666825.579
410320,790699.67,944570.146
410322,679560.545,672762.913
410330,811676.319,916983.051
410335,662547.607,823740.902
410337,622473.726,899757.236
410340,807364.937,1048849.995
410345,636858.385,837677.776
410347,621674.685,926280.773
410350,838372.918,947090.747
410360,964359.355,1017899.26
410370,846440.122,1003804.079
410380,816113.731,952814.059
410390,692524.774,843936.052
410395,785796.517,779053.956
410400,1065764.901,754604.516
410405,669185.809,808259.058
410410,982001.35,667916.147
410420,991047.578,747539.007
410425,1005944.63,746818.096
410430,734649.979,901971.481
410440,839559.09,832814.315
410442,760584.83,734391.172
410445,751478.813,762601.01
410450,594198.879,732095.825
410460,611105.356,747900.366
410465,943282.19,797401.24
410470,996621.393,961626.416
410480,633683.162,798574.809
410490,973655.792,806391.6
410500,653975.216,772687.327
410510,822073.755,1048939.553
410520,1026804.781,793852.575
410530,596076.641,774639.77
410540,717930.403,702938.033
410550,713058.14,946884.465
410560,682890.828,988589.03
410570,723634.13,640377.586
410580,1031985.886,743026.98
410590,781868.78,1047533.545
410600,919019.912,949628.005
410610,955240.083,948283.437
410620,996436.212,697207.463
410630,648811.629,831243.843
410640,910196.05,994605.493
410645,765556.534,657229.12
410650,706111.865,682417
410655,757501.838,898316.744
410657,654574.98,731280.739
410660,668787.725,945321.35
410670,762398.55,1030804.567
410680,832980.703,683823.63
410685,822383.552,906940.022
410690,1021022.174,723723.821
410700,919727.467,901910.228
410710,693346.371,1075445.963
410712,698497.615,799936.613
410715,565077.466,809998.304
410720,658926.785,712991.026
410725,650928.21,994179.303
410730,753877.936,964264.226
410740,650646.727,695075.993
410750,747381.683,941380.513
410752,599992.315,953500.488
410753,554495.691,838582.213
410754,688542.868,758066.08
410755,710622.734,900727.727
410760,840855.373,907830.205
410765,1018510.632,700659.371
410770,769690.003,923707.141
410773,904420.474,726984.82
410775,924136.802,917667.576
410780,742299.084,991554.186
410785,635695.814,657100.512
410790,765664.443,958272.522
410800,836855.228,1037822.271
410810,781693.351,1016053.897
410820,642052.787,884108.959
410830,526236.56,751436.696
410832,590961.514,909395.319
410840,651912.807,678529.146
410845,752809.521,714293.991
410850,814153.425,620562.876
410855,779822.507,892865.709
410860,669582.976,896898.624
410865,765503.029,780252.135
410870,823947.447,886848.219
410880,555947.08,899590.012
410890,706623.536,1041199.714
410895,875511.565,769237.662
410900,961327.785,963016.536
410910,696037.89,994700.038
410920,809596.043,1031939.016
410930,682918.29,793146.531
410940,812001.515,749480.669
410950,1110876.728,745682.149
410960,1067515.194,680576.63
410965,723314.817,661657.79
410970,938644.882,928205.8
410975,667024.479,782540.308
410980,869966.387,995802.542
410990,622158.308,992365.413
411000,791564.546,1001355.89
411005,663492.168,836963.87
411007,890071.961,854010.074
411010,892707.541,761720.974
411020,838214.733,717215.718
411030,757902.106,1062508.298
411040,709951.778,975143.82
411050,900745.364,788520.388
411060,605896.348,914591.206
411065,639369.843,867183.257
411070,874612.465,732101.028
411080,759113.726,871515.841
411090,783355.449,1068070.114
411095,539510.802,787382.166
411100,932303.791,1021628.532
411110,772963.047,946281.527
411120,681526.674,684345.053
411125,1004664.536,766157.916
411130,692285.888,1064556.07
411140,874876.506,790746.52
411150,805861.236,877042.149
411155,637885.462,993980.539
411160,757264.509,959656.896
411170,959143.683,933897.98
411180,976314.626,999141.379
411190,820790.265,1018637.019
411200,990440.124,860127.439
411210,804740.515,953757.489
411220,693031.431,901021.816
411230,950994.658,932671.805
411240,723004.324,980118.065
411250,793072.34,886852.812
411260,773005.98,1078640.235
411270,880873.324,993428.749
411275,633839.362,870302.516
411280,977534.975,963249.307
411290,946272.395,963358.009
411295,689280.395,869702.127
411300,730900.739,956572.388
411310,802759.14,927070.103
411320,963272.145,693452.661
411325,719430.209,809252.298
411330,727196.534,757035.015
411340,903117.962,1018326.094
411342,806197.683,900093.301
411345,615473.069,772443.37
411350,674277.735,1039647.778
411360,779467.34,1030642.982
411370,861017.099,963857.919
411373,738014.805,873174.91
411375,793521.231,901492.647
411380,812462.008,1058513.463
411390,868848.573,686455.079
411400,713101.138,872816.503
411410,770989.531,996395.686
411420,803535.194,970883.617
411430,1014784.149,681496.73
411435,631476.783,673901.611
411440,739563.779,675968.571
411450,803459.267,853106.292
411460,563304.321,854794.048
411470,656359.913,966486.863
411480,787637.171,966060.605
411490,842524.099,934631.408
411500,676093.143,1064831.609
411510,654945.822,911476.659
411520,778765.117,981693.83
411530,702601.777,642426.709
411535,597056.635,868244.123
411540,654600.88,655169.797
411545,741032.464,785162.487
411550,806345.951,938892.715
411560,581807.312,762967.909
411570,1088318.011,685557.026
411573,747312.53,831297.412
411575,851563.454,917997.926
411580,564474.216,773915.324
411585,559188.145,871084.921
411590,704477.597,1008648.854
411600,828308.27,1028984.539
411605,550954.062,794021.379
411610,674868.072,913980.387
411620,1061797.178,716042.865
411630,803047.511,1012019.254
411640,798279.52,1037542.628
411650,717813.662,1011833.128
411660,901318.879,981166.516
411670,646317.661,859491.351
411680,714326.993,837897.757
411690,752597.542,1007544.178
411695,640830.557,696475.682
411700,917039.976,971641.615
411705,709527.496,771880.522
411710,686483.14,1058036.77
411720,671640.545,983979.657
411721,895975.396,952625.474
411722,581041.594,869417.091
411725,630934.476,732871.272
411727,774450.274,858123.684
411729,818413.952,935114.37
411730,872502.048,890572.513
411740,752887.275,976173.818
411745,584078.173,827991.346
411750,763424.822,975000.393
411760,774378.763,625273.361
411770,948061.474,732832.875
411780,741115.291,811244.914
411790,594757.836,888229.931
411800,714838.039,1000470.244
411810,764988.428,1047113.962
411820,1093898.844,712598.199
411830,770204.481,1068665.201
411840,728955.202,1040313.066
411845,552335.229,847880.177
411850,695743.451,662293.477
411860,866402.716,652016.534
411870,877744.102,664781.027
411880,740862.852,921681.237
411885,640728.794,927372.916
411890,608232.464,939338.708
411900,593449.567,704184.276
411910,1000342.501,653440.014
411915,1034126.701,729577.386
411920,959506.579,912187.313
411925,619301.624,683675.561
411930,795866.936,701936.95
411940,967942.804,844798.529
411950,1043515.49,722749.422
411960,788739.398,830316.962
411965,818298.664,1001947.595
411970,686802.959,1022424.108
411980,598853.451,717123.453
411990,948171.376,768277.428
411995,1097005.196,699562.464
412000,837146.167,1055414.078
412010,962849.073,721656.156
412015,725803.134,729127.436
412020,651287.142,1054235.62
412030,831841.537,648186.295
412033,836202.233,1022391.476
412035,596468.386,690454.913
412040,762007.782,998600.358
412050,869014.429,1039599.586
412060,851122.209,775384.898
412065,658959.584,882134.628
412070,974629.762,951124.816
412080,1049909.712,734436.068
412085,578703.367,854157.812
412090,671960.379,746612.032
412100,630040.887,1030717.939
412110,759450.425,932591.033
412120,999125.657,674618.403
412125,566758.283,793552.783
412130,882537.585,1013341.853
412135,677743.874,882753.088
412140,614786.525,723801.481
412150,892865.392,711097.374
412160,668184.054,657043.599
412170,868366.957,836965.68
412175,763877.112,694050.497
412180,993346.944,985015.667
412190,932706.565,967176.953
412200,876093.322,704834.425
412210,827905.732,932650.116
412215,704473.429,734630.892
412217,833613.621,868123.046
412220,1018694.559,770881.309
412230,978496.116,654469.515
412240,833720.408,993829.375
412250,743390.796,847352.312
412260,697288.37,976827.831
412265,846611.899,870889.726
412270,816227.251,985762.91
412280,624345.709,669173.565
412290,998137.581,941505.013
412300,638667.796,710954.42
412310,930641.479,989427.532
412320,890901.214,958693.943
412330,645223.961,1025090.633
412340,793385.92,1020397.244
412350,545712.999,818378.489
412360,789835.172,1061495.151
412370,656940.399,1021118.881
412380,625697.031,710569.83
412382,615329.67,757815.894
412385,773077.412,805658.643
412390,919612.971,1013330.713
412395,669499.363,1015895.301
412400,1002071.922,927196.923
412402,611983.696,798465.59
412405,531413.356,752886.979
412410,961793.404,983025.342
412420,745283.221,1065444.211
412430,906951.354,953347.505
412440,604329.763,678400.381
412450,799135.955,1060321.363
412460,729444.019,991096.715
412470,891697.698,938390.635
412480,685634.927,708954.973
412490,746937.452,1049098.734
412500,786643.062,912102.983
412510,924552.12,707756.361
412520,672302.699,723392.519
412530,744749.213,979477.058
412535,585428.462,951207.021
412540,996671.165,903243.556
412545,563864.693,826257.625
412550,1037843.283,700692.424
412555,716485.388,988211.592
412560,908039.51,680937.315
412570,547679.433,760038.799
412575,585358.861,814766.483
412580,785277.023,929372.855
412590,664444.683,1059269.803
412600,898949.559,968514.974
412610,722745.412,970120.556
412620,907333.794,918833.18
412625,788100.664,973327.959
412627,703918.267,715181.357
412630,1015038.481,867987.342
412635,569634.635,748729.651
412640,887865.917,1030063.099
412650,867882.53,1016859.721
412660,987455.743,941252.321
412665,693169.971,718023.055
412667,864550.517,927623.094
412670,729948.534,1007856.026
412680,687986.944,956141.523
412690,666160.821,995634.118
412700,915616.585,750054.12
412710,912506.538,874671.956
412720,736326.036,949323.535
412730,713401.14,1063471.527
412740,572085.138,896847.565
412750,914699.418,826869.042
412760,1034223.152,673188.769
412770,597130.282,837860.975
412780,970387.253,932311.009
412785,646345.545,749970.154
412788,1062205.923,782255.181
412790,691296.441,930186.476
412795,623190.621,843639.692
412796,815389.087,791324.409
412800,670731.899,858013.368
412810,637216.342,955944.692
412820,846602.829,661156.096
412830,767107.237,1021328.327
412840,890256.9,996932.521
412850,986571.222,916047.327
412853,940139.338,879958.336
412855,582042.832,803114.217
412860,669372.775,697904.158
412862,598204.738,974059.098
412863,1018017.011,823613.066
412865,740703.899,749183.261
412870,681421.925,649862.305
412880,619756.182,950156.928
420005,838207.278,489235.5
420010,731998.459,614492.439
420020,954459.269,496937.542
420030,965212.304,511128.222
420040,791433.276,587715.359
420050,663127.7,560362.522
420055,674065.474,583539.726
420060,1035310.832,458696.461
420070,998658.559,464552.567
420075,757795.117,512728.248
420080,630397.811,622777.188
420090,1024658.153,481751.414
420100,835019.283,472301.971
420110,1015150.335,443046.166
420120,1047149.174,485436.007
420125,1000294.971,532458.477
420127,735520.816,546698.17
420130,1062968.937,605497.757
420140,975528.044,321646.653
420150,1023696.254,400548.614
420160,816378.929,567936.65
420165,711450.833,556104.736
420170,998548.882,550231.412
420180,962302.09,498487.78
420190,977420.947,510049.282
420195,974541.704,312700.932
420200,1071045.814,541319.643
420205,1073030.751,606534.149
420207,960500.849,298015.978
420208,599472.258,596571.681
420209,621021.455,607364.139
420210,1064094.359,581911.992
420213,900046.223,621796.194
420215,601876.035,586131.01
420220,996250.602,570605.16
420230,1060527.716,491924.546
420240,1027363.971,558480.909
420243,944161.601,461607.537
420245,1079350.781,520965.323
420250,963388.396,390422.707
420253,718286.765,594543.487
420257,652061.83,604150.958
420260,976312.487,456824.255
420270,1022108.056,519896.236
420280,1011793.181,401050.759
420285,947749.378,507504.213
420287,859655.427,515642.853
420290,1042962.476,529333.245
420300,841180.312,585022.871
420310,634460.305,565081.698
420315,849492.687,601006.446
420320,1062275.407,534229.182
420325,876814.957,430993.982
420330,1022415.709,648389.833
420340,863028.418,456992.699
420350,649997.301,631546.384
420360,821737.877,510169.915
420370,1052097.258,515832.159
420380,896884.057,641670.601
420390,785529.148,512341.836
420395,1028475.788,374748.147
420400,781727.63,555442.067
420410,666058.569,549435.775
420415,814161.271,482672.339
420417,848504.973,466130.294
420419,978570.27,480365.366
420420,691545.372,550744.881
420425,991036.492,360706.558
420430,751286.576,534389.682
420435,693210.436,568122.468
420440,685879.555,579292.924
420445,692858.134,619689.937
420450,1009448.658,611923.894
420455,901579.103,483826.481
420460,985834.301,347403.313
420470,642037.282,581793.724
420475,649987.501,570231.877
420480,881371.286,520638.866
420490,614946.756,585419.706
420500,612513.467,647286.982
420510,962505.471,550950.814
420515,985865.256,582486.449
420517,700518.01,595348.255
420519,958329.071,317221.385
420520,805958.474,526108.773
420530,731380.203,581300.911
420535,628810.834,595872.164
420540,1076648.56,473833.916
420543,680788.229,608634.707
420545,974776.33,340461.942
420550,859251.84,551815.414
420555,868197.885,533272.656
420560,694556.392,629570.685
420570,1058453.504,420335.84
420580,1056100.608,653371.95
420590,1039321.267,552265.542
420600,1071956.835,497724.816
420610,996529.054,412184.102
420620,1022263.936,387072.452
420630,1032724.325,532614.383
420640,607674.902,618248.785
420650,1045184.601,605070.667
420660,616812.578,639099.349
420665,679088.076,552354.713
420670,807600.86,536417.112
420675,825843.727,533850.292
420680,812100.233,548192.376
420690,985727.249,545919.38
420700,995025.428,342555.741
420710,1050157.891,559931.311
420720,1040520.726,400068.259
420730,1053097.734,403484.043
420740,993237.385,488680.529
420750,1014519.943,546610.005
420757,821690.349,559887.048
420760,770048.165,517996.179
420765,613281.176,568897.372
420768,710524.893,601981.866
420770,738820.277,558282.524
420775,629606.35,586309.678
420780,761014.52,558875.265
420785,671732.939,609834.197
420790,874605.03,630504.483
420800,720757.047,535398.59
420810,955877.039,611850.095
420820,1058988.193,546405.821
420830,1068946.087,529322.174
420840,591815.465,556745.719
420845,1076232.486,648908.785
420850,981247.273,495303.277
420860,773941.82,544585.212
420870,940241.14,317925.217
420880,1017365.099,351907.078
420890,1024841.08,605924.253
420895,673015.065,599301.823
420900,790764.518,542458.568
420910,1046540.55,632163.14
420915,975922.773,565160.267
420917,689013.699,636303.289
420920,790368.984,530897.268
420930,901972.921,434327.964
420940,1039119.904,370361.692
420945,702335.607,581789.885
420950,964952.249,525133.046
420960,981828.058,386378.881
420970,876509.067,571749.497
420980,1007469.642,491284.595
420985,748321.486,558814.94
420990,986337.356,525836.248
421000,1048115.534,575495.899
421003,799368.647,549152.581
421005,815615.098,581775.543
421010,958149.483,643438.621
421020,1026995.379,495045.613
421030,911416.263,613687.566
421040,977604.03,330652.43
421050,641960.61,595731.485
421055,695229.152,587112.125
421060,1039821.437,587860.61
421070,837724.085,618177.964
421080,964243.549,334174.187
421085,923681.627,530493.039
421090,655746.253,593375.179
421100,616823.407,557194.882
421105,852983.446,533959.158
421110,916685.536,592353.635
421120,999160.152,355573.034
421125,952346.771,348971.771
421130,1062645.72,562550.693
421140,668632.65,577189.76
421145,675265.016,570686.324
421150,1029019.454,508316.15
421160,967065.725,352325.879
421165,681315.969,624881.775
421170,990118.357,398033.129
421175,940216.263,490628.468
421180,781563.601,527580.168
421185,728939.365,597218.487
421187,706313.099,539748.152
421189,927409.889,439277.605
421190,1060593.708,452341.52
421200,632975.472,641295.254
421205,922093.559,486510.357
421210,641938.219,556866.296
421220,929118.131,610084.693
421223,597145.302,609031.262
421225,949759.194,285468.262
421227,758939.288,596296.184
421230,1049732.989,430567.587
421240,1004036.379,373726.42
421250,1070042.177,564453.098
421260,763007.206,520649.043
421265,1034483.397,380596.991
421270,967044.122,485484.16
421280,1062694.073,570653.613
421290,662472.075,586685.11
421300,824984.795,552481.923
421310,771902.634,507329.072
421315,671393.66,560256.592
421320,1021527.012,577329.873
421330,910406.925,505088.409
421335,900867.641,532576.932
421340,761070.301,577977.588
421350,1070054.521,521488.121
421360,851053.96,628814.679
421370,941482.342,517563.2
421380,925734.872,297050.083
421390,772584.25,533925.985
421400,967905.624,541941.485
421410,999993.464,515657.647
421415,604556.626,635578.143
421420,687411.008,597209.137
421430,1021436.503,466669.442
421440,842184.182,567886.873
421450,930022.486,564387.334
421460,955194.073,531526.585
421470,1004050.379,591474.252
421480,974774.588,525859.894
421490,1008533.063,418532.334
421500,983992.067,613384.983
421505,957525.23,443038.755
421507,627047.263,570867.847
421510,1003417.448,559080.54
421520,631313.448,609247.151
421530,940784.588,554636.679
421535,659454.446,614737.992
421540,807949.108,571405.542
421545,1009897.864,353213.46
421550,900145.078,562369.311
421555,601406.729,578571.042
421560,1010023.941,427957.732
421565,948894.366,302548.648
421567,943615.34,589786.384
421568,645499.405,615114.98
421569,689913.136,608584.586
421570,1048265.939,456773.575
421575,663283.203,626579.683
421580,1008438.694,628971.662
421590,1033122.848,432764.082
421600,656231.187,563516.765
421605,906499.454,518779.033
421610,703911.405,618599.755
421620,1075802.743,627967.539
421625,603205.323,558675.877
421630,1045972.572,505246.686
421635,1058081.274,590716.049
421640,941796.454,293209.584
421650,930263.276,399963.64
421660,1062791.821,474792.794
421670,611699.145,629674.452
421680,876094.178,485258.168
421690,675488.1,628608.518
421700,1008458.143,388172.241
421710,1028635.951,413441.087
421715,638380.846,604110.967
421720,612508.701,600851.054
421725,1045765.646,474526.902
421730,656132.447,579051.444
421740,1035191.235,618510.498
421750,720522.854,546651.374
421755,658625.645,602844.68
421760,973278.692,363750.104
421770,957415.338,307957.844
421775,666011.544,602184.826
421780,932261.788,542462.897
421790,832682.646,540622.205
421795,646323.065,605340.772
421800,1061496.26,513616.603
421810,939823.841,339846.424
421820,1011866.578,568652.567
421825,881664.726,598814.214
421830,923791.036,649309.339
421835,977378.815,373297.045
421840,1007979.218,363296.908
421850,805484.258,563495.808
421860,956833.875,513503.129
421870,1019539.162,372358.047
421875,598229.294,570975.054
421880,954348.249,327685.718
421885,674075.395,591132.335
421890,972942.393,427410.669
421895,942911.716,431229.05
421900,992431.828,372998.627
421910,743114.223,588640.582
421915,848924.477,502268.773
421917,776698.591,567408.819
421920,999685.797,501687.745
421930,835545.016,556878.383
421935,957465.951,570277.073
421940,956921.903,557334.964
421950,715642.361,579105.044
421960,723039.469,561322.249
421970,703835.287,568235.567
421985,794031.975,504266.426
422000,996544.436,333668.062
430005,741151.68,421045.423
430010,624424.455,264059.543
430020,584119.737,428877.769
430030,488854.089,497651.225
430045,556199.975,476277.762
430047,661865.187,434784.035
430050,652207.854,541835.524
430055,650648.383,356591.972
430057,803061.622,283488.533
430064,639300.991,525090.965
430066,789666.447,373984.579
430070,741813.286,332717.484
430080,805181.831,339477.198
430087,835288.873,249874.405
430090,722701.96,518538.535
430100,742130.679,286968.924
430105,932001.551,257112.475
430120,642348.703,303955.07
430140,724637.938,346007.545
430150,557448.98,392153.82
430155,741933.878,480034.507
430165,785905.995,281893.606
430170,710877.035,498079.617
430180,801491.291,475085.804
430185,586479.617,546092.256
430192,712824.291,517218.919
430195,652817.41,459522.016
430200,685997.735,318856.36
430205,690233.557,508780.775
430210,781820.382,312431.057
430215,623604.058,486544.521
430220,552756.065,492611.587
430222,572649.342,377290.023
430225,769240.633,286793.764
430230,889966.228,367542.082
430235,796914.136,271317.181
430237,576855.193,506779.293
430240,744337.028,254709.582
430245,701035.004,295667.682
430258,582066.388,412110.113
430260,586687.471,502180.058
430265,772625,264914.401
430320,778627.025,465724.247
430330,498022.796,417544.348
430340,614191.371,540104.008
430355,722949.434,374989.625
430360,913216.696,312328.331
430367,826400.282,356469.952
430370,482846.912,461524.63
430380,687419.653,479543.435
430390,824542.542,246117.44
430400,578548.781,492340.197
430410,643727.75,345092.44
430420,661984.361,251573.668
430430,493674.718,464568.31
430440,851969.082,281956.927
430461,717506.308,292349.942
430462,803275.515,424827.387
430463,920950.938,239252.358
430468,795904.826,243912.926
430469,740836.252,296243.307
430470,665161.83,417355.724
430471,888817.565,230556.659
430480,785008.037,289378.488
430485,755681.209,479795.711
430490,746672.185,376319.121
430495,770253.529,415447.812
430500,556612.944,434832.844
430510,830782.909,312329.726
430511,748383.886,471874.184
430513,645606.844,260876.433
430515,640687.794,494312.277
430520,491013.703,441639.43
430530,642698.323,439531.888
430537,747586.208,452105.411
430540,569073.461,455575.629
430550,752820.768,404972.821
430558,751120.769,283030.584
430560,652213.534,395253.352
430570,607016.426,433097.335
430580,656538.132,486496.957
430583,728411.874,310319.713
430585,675703.838,434028.772
430587,553115.458,407493.619
430590,594602,476570.418
430593,765334.326,297324.895
430595,769918.399,328250.556
430597,715528.856,433124.685
430600,550148.851,514589.887
430607,633704.718,517535.428
430610,597956.063,370764.723
430613,689295.065,492173.643
430620,734706.952,266551.322
430630,762179.367,396268.079
430632,574118.314,542512.301
430635,458993.902,434114.415
430640,821205.009,254853.328
430642,609277.615,490133.298
430645,755791.444,331213.446
430655,936662.935,274639.394
430670,613627.762,270073.514
430673,528501.724,515482.593
430675,742719.432,318459.714
430680,747041.73,304108.906
430692,664197.538,486664.276
430693,530397.447,401874.992
430695,682143.166,505173.784
430697,718578.289,467135.755
430700,725388.957,488519.484
430705,693137.726,399340.122
430720,696784.862,524051.172
430730,607951.598,509128.714
430740,824466.545,437015.061
430745,562841.079,532689.803
430750,665319.483,348934.618
430755,720626.583,455429.156
430760,811862.13,249787.527
430780,745385.892,269687.384
430781,630887.273,308539.743
430783,535211.392,389321.985
430786,767999.144,341060.165
430790,798412.072,301634.228
430800,602906.096,270842.382
430805,687705.31,521697.793
430807,752376.383,259945.886
430810,804256.603,272674.677
430820,812992.383,321604.889
430825,743929.068,462483.192
430830,706099.271,330085.458
430843,727137.122,284678.638
430845,623574.388,347231.661
430850,623736.435,528712.89
430860,778230.522,299155.192
430870,738945.807,493020.544
430880,743495.693,228217.213
430885,741228.993,400915.032
430890,731331.469,463811.512
430900,532529.816,451921.334
430905,848587.797,219744.922
430910,840500.075,278606.73
430912,664923.127,514557.431
430915,683888.243,298470.128
430920,832371.095,220372.838
430925,775325.225,376728.198
430940,750883.175,345674.243
430950,505127.684,436825.056
430955,790621.738,262897.928
430957,676686.045,281033.89
430960,534502.442,503181.42
430970,564447.257,503897.433
430975,630986.895,285884.298
430980,766467.539,432743.579
430990,779627.671,399621.653
430995,702328.983,375010.407
431000,634740.042,381750.626
431010,848680.634,257725.302
431020,568904.414,416613.662
431030,729288.476,337781.156
431036,759844.138,288037.706
431040,544184.086,466513.065
431041,558191.021,465813.789
431043,807869.237,358583.228
431046,708628.911,455731.604
431050,635314.55,538851.885
431053,575243.366,269795.474
431055,439281.825,364132.493
431057,724377.341,356315.839
431065,907469.782,265527.918
431070,706461.243,523015.257
431075,591996.453,276480.761
431080,815185.38,257403.451
431085,631222.524,494622.23
431087,647052.252,329834.995
431090,697450.235,473166.17
431110,494096.932,286712.352
431112,893137.298,326461.196
431113,527099.605,304970.322
431120,586906.948,306448.523
431123,642014.461,275559.3
431125,666920.41,305225.55
431127,666288.307,383093.077
431130,792303.212,416832.093
431140,737731.773,277707.196
431142,636276.059,485783.78
431160,650398.437,503103.619
431162,809409.695,257511.745
431164,810621.689,271780.422
431170,780360.872,492168.468
431173,923859.058,287774.3
431177,902093.872,245645.469
431179,779186.373,263250.086
431180,719508.587,393985.531
431190,755123.292,506213.987
431200,735542.765,523134.094
431205,725609.849,296330.344
431210,510355.742,276911.35
431213,727060.251,414328.763
431215,725354.168,268875.72
431217,498281.849,428306.296
431220,767007.154,490924.178
431230,586804.477,512775.946
431235,738505.503,367943.613
431237,853816.343,357861.824
431238,772464.351,311197.14
431240,782482.569,244185.521
431242,681597.827,368026.499
431244,927786.625,278733.651
431247,825310.19,263628.635
431260,757313.862,312020.15
431261,816571.97,396905.828
431262,766035.715,406504.069
431265,667759.946,396044.02
431267,702417.139,387190.64
431270,670754.533,523184.004
431275,727025.229,364085.054
431280,766822.235,368596.779
431290,765623.134,359934.443
431295,655884.478,450607.539
431300,736507.716,303602.934
431301,550710.888,501978.913
431303,478280.281,293685.628
431306,838889.958,255433.245
431308,804430.098,325663.264
431310,607835.281,285155.025
431320,823238.242,281261.838
431330,778930.812,355150.42
431333,587892.752,444334.303
431335,795929.135,327560.498
431337,801310.523,227457.425
431339,644889.412,245397.773
431340,824066.698,238907.903
431342,512335.998,509297.93
431344,640661.348,502108.555
431346,649863.045,480381.059
431349,643663.144,462530.855
431350,894572.917,213430.818
431360,769541.902,476975.881
431370,618572.982,458931.378
431380,602396.756,531116.581
431390,604935.168,414039.152
431400,763244.184,374738.653
431402,633654.31,253363.059
431403,790490.732,255382.917
431405,842338.302,246628.477
431406,658237.561,282224.486
431407,713915.896,242129.772
431410,703493.315,416547.752
431413,712155.475,481431.783
431415,762649.515,261703.691
431430,596286.013,399901.233
431442,820416.485,271088.992
431445,634467.5,506225.006
431446,821108.565,458711.325
431447,615997.164,301340.045
431449,598555.616,543675.669
431454,790335.017,315733.984
431455,444136.204,450862.425
431470,650220.375,528088.428
431475,771504.201,275584.014
431477,687233.973,444509.984
431478,702037.824,488340.074
431480,805938.571,243906.199
431500,471599.421,475009.659
431505,500904.423,504213.863
431507,478344.392,486006.311
431510,454091.231,466092.017
431513,719023.975,311988.178
431514,813975.437,264049.373
431515,710285.76,304703.531
431517,790298.144,357291.737
431520,727702.672,326043.04
431531,704221.442,466281.109
431532,548503.687,302034.521
431535,639033.876,362656.567
431540,597093.243,503042.314
431545,734338.817,315241.511
431550,612535.527,240193.518
431555,669279.543,536884.99
431570,694737.598,212404.567
431575,884631.935,249068.346
431580,755314.991,298557.158
431590,640851.36,513596.868
431595,481660,427500
431600,870721.31,248399.9
431610,678376.847,471246.859
431620,664851.939,469381.226
431630,458750.973,451052.786
431640,447894.217,187261.979
431642,643180.946,484928.317
431643,643085.486,405669.766
431645,624674.4,326982.487
431647,482531.514,445576.13
431650,781140.388,273688.708
431660,766182.612,449686.142
431670,625465.403,407980.972
431673,755630.679,424075.827
431675,726144.07,277176.456
431680,699672.77,256050.657
431690,568450.248,245845.402
431695,833217.69,268562.366
431720,514761.028,471907.777
431725,766836.184,308786.025
431740,481703.96,325766.408
431750,531692.107,426215.279
431755,743433.772,388023.339
431760,868106.209,220143.936
431775,681632.112,406389.548
431780,583855.036,464713.385
431790,495020.096,480320.471
431795,779394.898,452952.063
431805,756251.852,382352.402
431810,449508.11,289471.577
431820,873197.312,298079.548
431842,763981.659,468445.158
431843,601784.506,261081.832
431844,770642.902,386242.01
431845,642747.155,474799.571
431846,715323.898,323026.274
431848,806231.772,263183.849
431849,550187.488,485289.232
431860,789793.749,469985.023
431861,785103.066,262939.46
431862,932425.525,358900.095
431870,815118.207,237034.529
431890,475740.296,408616.548
431900,827893.053,328728.635
431910,566221.618,485745.901
431912,564275.597,282146.821
431915,509036.908,377796.347
431920,443277.765,434809.3
431930,469557.998,458959.457
431935,784084.997,278023.717
431936,632916.068,477007.802
431937,476537.336,443008.094
431940,531231.753,267526.309
431950,798540.978,257343.554
431970,697631.168,500359.52
431971,762890.146,321473.859
431973,569959.239,474853.847
431975,796662.661,281599.118
431980,483265.809,257826.167
431990,829806.3,252634.728
432000,815679.57,229068.887
432010,663952.64,456712.966
432020,622652.954,510008.438
432023,566639.369,495995.939
432026,653383.504,297227.096
432030,652336.964,372351.464
432032,510346.258,452874.825
432040,749119.841,363676.544
432045,716245.184,284473.864
432050,717920.6,446065.23
432057,517010.437,439056.375
432060,740445.872,514353.319
432065,592641.902,262487.843
432067,685921.698,280190.307
432070,643984.489,286770.657
432080,692354.494,350539.409
432085,761788.987,250345.274
432090,745922.06,438934.084
432100,663243.145,372683.384
432120,850929.129,244832.568
432130,752043.393,241816.998
432132,611570.385,521310.011
432140,585634.913,526586.886
432143,915417.69,248694.383
432145,758698.17,273279.705
432146,688136.602,380751.797
432147,552159.805,528433.58
432149,526243.522,284141.661
432150,941180.49,278916.847
432162,731305.219,296806.843
432163,733531.951,505700.952
432166,925902.44,262885.854
432170,850696.786,266742.579
432180,537002.959,486588.94
432183,914994.546,268970.399
432185,671248.879,494231.51
432190,569812.082,519239.562
432195,665963.239,504922.269
432200,775339.382,228886.701
432210,521894.392,497919.947
432215,657869.699,320117.391
432218,790890.763,451484.185
432225,791039.766,271231.554
432230,510034.66,490511.57
432234,500060.923,452153.277
432235,740534.881,355852.786
432250,845117.197,396947.194
432252,725686.399,233190.381
432253,674023.322,264594.791
432254,808240.114,283226.023
432255,759590.336,387780.052
432260,719603.359,262910.257
432270,687181.095,248855.461
432280,782867.021,331272.897
432285,753624.914,320810.284
432290,750510.597,495503.386
432310,621963.84,548583.59
432320,680239.658,384858.353
432330,783425.25,343442.844
432335,733224.852,431468.524
432340,729754.063,381479.733
432350,609692.156,531153.725
432360,762421.902,349048.082
432370,592098.435,538798.015
432375,515669.691,411498.189
432377,762340.352,280717.484
432380,913545.776,224787.101
500060,488969.956,1022607.028
500080,704826.75,1136042.017
500085,601187.957,1146322.916
500100,866672.412,1364964.123
500124,443025.528,1053262.507
500190,729310.135,1170522.874
500200,666874.317,1105201.762
500230,747062.579,1254808.266
500240,507315.038,1088467.843
500270,568565.139,1281629.24
500315,447983.224,1001737.483
500345,572734.639,1136527.324
500350,530679.325,1154667.695
500370,505532.152,1140243.325
500375,558546.67,952333.704
500380,543806.059,1116458.579
500400,567562.605,1105075.264
500430,529552.637,988934.761
500450,502712.488,1156645.855
500460,570582.472,998209.381
500470,606243.741,1110047.287
500480,527984.451,944991.465
500510,589203.627,1071593.226
500515,537137.914,1065469.084
500525,474835.646,1079146.147
500540,453027.636,1212144.411
500568,552898.913,928658.964
500570,581099.562,1035046.993
500600,569341.203,1214239.781
500620,645368.07,1160463.681
500625,606823.322,1082991.84
500630,859748.234,1429200.815
500635,449310.561,959258.867
500720,534910.273,1191582.343
500755,712131.566,1228173.578
500770,480396.619,938471.325
500780,818830.63,1343592.279
500795,484898.58,965340.571
500797,640724.138,1074008.368
500830,772839.434,1327823.57
500840,544697.402,1101271.248
520020,1132062.335,1579725.901
520390,1109833.059,1576031.536
520410,907876.164,1540999.216
520425,1044932.678,1538235.203
520430,891766.406,1523531.599
520450,1149867.504,1621423.631
520590,1157300.673,1567399.823
520660,1196098.238,1546817.527
520915,991217.429,1539630.974
520993,1015362.218,1538017.168
521080,870187.605,1478185.775
521130,870754.314,1508045.016
521150,1066700.277,1552601.601
521190,836429.772,1618553.442
521290,1143226.718,1589777.065
521380,1100563.028,1617475.695
521630,941976.459,1507946.009
521850,954190.44,1550329.906
521878,1135109.35,1608286.918
522040,943895.121,1484329.584
522050,786049.236,1584618.992
522190,1057326.648,1701349.717
522200,1178568.125,1723299.477
